rank,input,iret,milliseconds,path,status
275,12345672121232,13808035,762,R B D2 B R D' B D' B' R2 B2,pass
291,12345672123212,13237352,724,R B R' B2 D' R B2 R D' R' D2,pass
435,12345672321212,13897787,788,R B D' R2 B' R B2 R B' R' D2,pass
547,12345673131323,13421254,741,R B R2 D B' D2 B' R B' R D2,pass
555,12345673132313,15882834,861,R B' D2 B' R' B D' R D' R2 D2,pass
627,12345673231313,15434864,857,R B' R2 B' R' D B' R D' R2 D2,pass
729,12345761111111,9299104,529,R B R' D2 B' D R' D' B D2 B,pass
1463,12346571111231,6879822,400,R B R' B2 R' B' D' R D2 B D',pass
2207,12346751113133,9582373,544,R B2 D R' D B D' R2 B2 D R,pass
2928,12347561112212,8771699,495,R B D' R D R2 D2 B' R' B D2,pass
3645,12347651111111,14553805,835,R2 B' R B D B2 D B' D' R D',pass
3681,12347651122112,9001563,505,R B' D R2 B R2 B' D B' D2 B2,pass
3723,12347651133311,8204696,484,R B2 R B R' B D2 B' R2 D R2,pass
3892,12347652111221,7393185,405,R B R2 B' R D' B2 R2 D' B' R2,pass
3938,12347652123233,8747798,479,R B2 R' D2 R B' R' D R2 B D2,pass
3941,12347652123332,10781061,623,R D2 R' D2 R B' D' R D2 B D2,pass
4019,12347652223232,8160107,465,R B2 R2 B D R' B' D B' R' B,pass
4133,12347653111133,8711448,494,R B2 R2 D B D2 B D' R' D2 B,pass
4198,12347653132223,7449290,432,R B R D' B2 D R' D' R2 D2 B2,pass
4201,12347653132322,7279358,399,R B R D B2 R2 D2 R D2 R' B,pass
4363,12347653332323,8203282,447,R B2 R2 D2 B' D B' R B2 R' B,pass
4374,12354671111111,10265137,560,R B' R2 D' B R' B' D R2 D B,pass
5119,12354761112323,13585391,749,R2 B R' D R B2 D' R D R2 D',pass
5373,12354762121112,9671483,543,R B2 R' D R2 D R B' R' D R2,pass
5376,12354762121211,10511190,619,R B' D R' D2 R D2 B D' B2 D,pass
5509,12354762311123,7897193,433,R B D B D2 R' D B' R' B2 R2,pass
5645,12354763131131,8799042,487,R B2 R B2 R2 D R' D R2 D R2,pass
5661,12354763133111,7995624,449,R B R B2 D2 B' D' R2 D' R2 D2,pass
5671,12354763211123,9364250,519,R B2 D' B R' D R2 D R D' R2,pass
5852,12356471113133,8460076,457,R B R2 D2 B' D B D' B D2 R,pass
6635,12356741133131,11473090,666,R B R2 B D2 B' R B2 D' B2 D,pass
6743,12356741313131,11945002,658,R B R2 D B' D2 R2 D R' B' R2,pass
7067,12356743113131,12015837,656,R B D2 B' R2 B D' B2 D' B R2,pass
7294,12357461111222,9274123,514,R B' R2 D B2 D' B2 D' R' D R2,pass
7316,12357461113331,8923336,492,R B2 D2 R D2 R D' R' B' D2 B',pass
7614,12357462211112,9192104,501,R B' R B R2 B2 D2 R' D' R D2,pass
8045,12357641113331,8659065,482,R B R2 B2 D B' D2 R D B2 R2,pass
8760,12364571112212,9654814,556,R B2 D2 R D2 R D' R' B' D2 B2,pass
9489,12364751112212,8273553,452,R B D2 B D' R D' R' D2 B R',pass
9497,12364751113133,8699816,465,R B2 R' D R2 B' R D R D' B',pass
10127,12364753311131,8351691,468,R B D2 R' B R B2 R D' B' R,pass
10206,12365471111111,10253408,565,R B' R2 B' D' B' D R2 B R' D,pass
10288,12365471211122,8684123,481,R B2 D B' D2 R' D R D' R D,pass
10386,12365471313113,7191070,392,R B R D2 B' R2 B D2 B2 R' B,pass
10580,12365472223232,8048197,436,R B2 R D' B R D2 B2 D R D2,pass
10643,12365472321233,9294944,502,R B' D2 B' D B2 R2 D R' D2 B,pass
10842,12365473232312,7313855,421,R B D B D2 R D2 R B' R2 D2,pass
10924,12365473332323,7340601,411,R B R2 B' R D B2 R' D' B D',pass
10961,12365741113331,8748610,490,R B D' B R D2 R2 D' R' B2 D,pass
11717,12367451123333,12905594,717,R B2 R2 B R D' R D' R D' R2,pass
11731,12367451132222,11759671,645,R B D B2 R2 B' R B' D' B2 R,pass
11771,12367451213333,12517201,719,R B2 R2 B' R B' D R' D B D2,pass
11839,12367451312222,15307226,824,R D2 R2 D B' D R' D B' D R2,pass
11933,12367452113333,13840097,766,R B' D B2 D2 R' D R' B' R B2,pass
12163,12367453112222,12476018,678,R B2 R2 B' R2 D' R B2 R2 B' D',pass
12405,12367541112212,10823676,582,R B' D' R2 D B' R2 D B2 D' B2,pass
12419,12367541113331,12404529,682,R D2 B D2 B' D R' D R' B' R,pass
12611,12367541331131,7940913,441,R B R2 D2 B' D R' D B D' B',pass
13152,12374561121212,11971922,657,R B R2 B R2 D' R B D2 B R2,pass
13206,12374561211212,11787601,646,R B R' B R' B2 D R' D B D2,pass
13368,12374562111212,13994003,790,R B' D B2 D2 R' D R' B' R B,pass
13855,12374651111222,9695879,540,R B2 D B' D' B2 R B2 R B2 R2,pass
14584,12375461111222,9369638,503,R B2 R' D R2 B' R D R D' B2,pass
15327,12375641113112,8851930,469,R D R' B2 R' D' R' D B2 R D',pass
16042,12376451111222,9866410,531,R B' D R D' B D' R2 B R D2,pass
16058,12376451113133,9422198,508,R B2 D B2 D' B R' D B' D' R,pass
16149,12376451221211,8124250,451,R B D2 R' D R' B2 R' B2 D' R2,pass
16783,12376541112323,9822617,541,R B2 R' B' D R2 B' R' D B' D2,pass
16916,12376541232233,11626923,622,R D' B' R2 B' D' R2 D B R2 D',pass
16970,12376541322233,8057465,432,R B D' B2 R D' B' R' D2 R2 B,pass
17042,12376542121232,8969788,486,R B2 R B D2 R' B2 D B R B',pass
17058,12376542123212,8272412,449,R B R D' R2 B D' R2 B2 D B',pass
17327,12376543133132,7228803,396,R B R D' B2 D R' D' R2 D2 B',pass
17330,12376543133231,7186925,393,R B R D B2 R2 D2 R D2 R' B2,pass
24127,12456731132321,13108526,716,R2 D R' B2 R' B' R' D R2 B D',pass
24214,12456731233223,7780859,425,R B' R B' D R2 D2 B2 D' B D,pass
24676,12456733223321,7832103,429,R B' R D' R' D R D2 B' D' B,pass
27113,12463751231231,8274098,437,R B2 R B2 R2 D R' D' R D' R,pass
29215,12467351131121,8281552,457,R B' D2 R' B R B D2 B R' B,pass
29302,12467351231321,7173403,381,R B D B2 R' B R' B D' R2 B,pass
30682,12473561132123,7883586,425,R B' R D R' D2 R' D' B' D B',pass
37195,12536741112323,8491894,449,R B R D2 R D' B' D' B2 D2 R,pass
38133,12537461332112,7907618,425,R B D2 R D' R D2 R2 B' R' D,pass
39366,12543671111111,10543704,571,R B' R D R' D2 R' D' B' D B2,pass
39450,12543671211212,8215545,449,R B2 D R' D2 B' R B D' R B,pass
39582,12543671331113,7537424,407,R B D R2 B' R2 B D2 B2 R' D,pass
39637,12543672121121,7695854,422,R B D2 R2 D B2 D' B R B2 D',pass
39806,12543672321332,7953552,418,R B2 R' B R' D B2 R' D' B R',pass
39812,12543672322232,7708269,413,R B D R' D2 R D' B D' R2 B',pass
39830,12543672331232,7308257,396,R B R2 B D' R B2 R D2 B D2,pass
39860,12543673111331,7509903,411,R B D R' D R2 D' B2 R B' R,pass
39967,12543673221323,7872157,437,R B2 R D2 R2 B' D R D' R2 D,pass
39991,12543673231223,7535357,399,R B D B2 R' D' B R' B D2 R,pass
40012,12543673233323,9569699,513,R D R' D B R B' R2 B D' B2,pass
40940,12546371221331,7849584,420,R B2 D2 R B2 R D' R' D' B2 D2,pass
44040,12563472131213,9765223,535,R B' R2 B' R' D2 R B R2 D' B',pass
44283,12563473131212,9152153,500,R B2 R' B R' B2 R D2 B' R D',pass
46621,12564733323122,7513571,396,R B R B D' B2 R2 B' D2 R' B,pass
48023,12567433232333,7807060,420,R B R' B' R D2 R' B D R B2,pass
51610,12576343212221,9624367,509,R B2 R' B R' D R2 D2 B2 R' D',pass
55467,12637451132111,9236690,499,R D R' D2 R B' D B R2 D2 B2,pass
55629,12637451332112,6932704,373,R B R2 B R B2 D' R2 B R D2,pass
57058,12643571321321,7625784,412,R B D2 R2 B' D B R' B D2 R,pass
58375,12645371131121,8557810,457,R B' D2 R' B R B D2 B R' B',pass
66800,12673542331133,10565374,558,R D R' D R' D B' R2 B R2 D',pass
70000,12734561112323,8444153,456,R B R D2 R D' B' D R' B2 D2,pass
70187,12734561322233,7445144,399,R B R2 D' R2 B D' R' D B' R2,pass
70411,12734562313223,7136563,386,R B R B R D2 B D' B D2 R2,pass
76545,12745631111111,24958847,1364,B R' B R B' D2 B' R' B' R D2,pass
76789,12745632111122,8209609,450,R B D2 B R2 B' R2 B R' D' R2,pass
76881,12745632212213,9685838,531,R B' D2 B R' B2 D B R D' B,pass
76909,12745632222221,7870813,445,R B D2 B' R' B2 R' B D R2 B2,pass
76935,12745632232211,9360253,515,R B' R2 B R' B2 D B D R' B,pass
77087,12745633131131,8773266,476,R B2 D' B' D B2 D R B2 D2 B,pass
77217,12745633313312,7678007,419,R B2 R B R2 B2 D B' D B2 D',pass
77219,12745633313333,8185116,433,R B D' R' B R' D' B D2 R' D2,pass
77244,12745633323311,7777488,412,R B2 R D B2 D2 R B' D R2 D',pass
79117,12753462231323,8772533,475,R B R2 B2 D R' D2 B R D2 B2,pass
83552,12763452322232,7917137,424,R B D R' D2 R D' B D' R2 B,pass
87027,12765432121313,8903986,475,R B D2 B2 D' B' D2 R B2 R' D2,pass
87114,12765432222212,13473479,727,R D' B2 D' B D R D2 R2 D R,pass
87267,12765433121213,10100770,539,R B' R D' B2 R2 D R B' D B2,pass
87461,12765433331333,9229858,491,R B D2 B2 D' B' R2 D B2 D' R2,pass
87669,13245671321111,8924141,476,R D R' B D2 R D' R' B' D2 B',pass
88938,13246571111111,11281764,598,R B2 R' B' R D2 B' R' B D' B2,pass
88952,13246571112233,7592458,417,R B R' B2 D B' D' R' B2 R2 D,pass
88961,13246571113232,11770635,641,R D' B' D2 R D R2 D' B' R2 B',pass
89378,13246572321332,8917942,480,R B2 D R2 D R D B R2 B R',pass
89402,13246572331232,8058358,441,R B R2 B D' R B2 R D2 B D,pass
89537,13246573221233,8332228,450,R B2 R B R' B R B D2 R B2,pass
89617,13246573321223,8493512,448,R B2 R B' R2 D B D2 R' D' R,pass
89985,13246752133211,10356154,566,R B2 D' B2 R D' B D' B R' D,pass
90974,13247563212131,9231810,498,R B R' B2 D2 B' D' B D' R D',pass
92786,13254761322233,8784171,465,R B' R' D2 B D' R' B D' R2 D',pass
92797,13254761323322,7545940,405,R B2 R B R2 B2 R' D R2 B' D',pass
93020,13254762321233,10436643,571,R D B2 D' R' B2 D B' D R B',pass
93277,13254763323122,8929959,490,R D R' B' D' B' R2 D R' D2 R,pass
95513,13257641112233,7671062,417,R B R2 D2 B2 D' R' D' R B2 D',pass
98431,13265741112323,12676989,686,R D R2 D' B2 R2 D R B' D B2,pass
98718,13265742131312,10831707,571,R D R B2 D2 R B' D R' B D',pass
99183,13267451122211,9418916,519,R B' R2 D B2 D' B' D2 R2 B R',pass
99308,13267451311133,7898662,435,R B R D2 R D' B' D' R2 B R,pass
99875,13267541111132,10054064,570,R B2 R2 D' R B' R2 B' R' D R',pass
100020,13267541232212,9172835,488,R B R D' B R' D B2 D R D,pass
101347,13274651112323,11190102,618,R B2 D' B2 D' R D' R2 B2 D' R,pass
102074,13275461112233,8442519,491,R B2 R' B2 D2 R' D B R' B2 R,pass
102648,13275463213211,8347983,450,R B2 R2 D2 B' R' D R' D2 R B',pass
102803,13275641112233,10199885,540,R B2 R' B D' R B' R B' R2 B2,pass
102805,13275641112323,12686809,692,R B2 R' B R' B R' B D' R2 D2,pass
103094,13275642131333,9621109,518,R B D R' B2 D' R B' D B' D',pass
103369,13275643212221,10301589,545,R B2 R2 B' R B2 D' B2 D R2 B',pass
103539,13276451113211,11081076,592,R B' R2 B' R D R2 D R' D2 R',pass
103673,13276451233133,11026715,580,R B' R B R' B2 D2 B R' B2 R',pass
104320,13276541133122,8183706,431,R B' R2 D B D2 B R2 B R' B2,pass
104352,13276541213312,10994944,603,R2 B D' R2 B' D R B' D R2 B2,pass
104437,13276541321123,8208783,460,R B' D2 R B R2 B D2 B R' D2,pass
104451,13276541322311,10568600,559,R2 B R2 B' D B R2 B2 R B D',pass
104454,13276541323112,6906124,371,R B R2 D' B D' B R B R' B2,pass
104461,13276541323322,7205723,388,R B D2 R' B D' R D B R' D2,pass
104703,13276542323312,8224783,455,R B2 R' D' R' D B2 R' D2 R B2,pass
104941,13276543323122,7951624,425,R B' R B' R B2 D' B' D B2 D',pass
113724,13462571111111,8871316,469,R B D R2 D R' B' D' B2 D2 R,pass
114072,13462572213311,7382735,394,R B R2 D B' D2 B' D' R D2 B',pass
125469,13527461211113,8805948,476,R B' D' B D2 R' B D R D' R2,pass
126986,13542671231231,7041609,382,R B R' B R D2 R2 D' R' D2 B,pass
128406,13546271213213,7876447,428,R B D2 R2 B' D R' B D B' D',pass
128444,13546271231231,10151016,551,R D2 B R2 B' D R' B R' B' R,pass
128500,13546271321321,8724375,471,R B' R' B2 R D' R2 B D2 B' D2,pass
136361,13572641122133,11204067,591,R D R2 D' R2 B2 D R D' B D2,pass
138684,13576241312213,10927664,593,R B2 R2 D' B D' B2 D' R' D R',pass
138706,13576241321321,8767609,465,R B R' D B R' B2 D R' B D',pass
143109,13627451332112,7815644,415,R B R' B' D' B D2 B' D R' B',pass
144454,13642571221223,10392048,556,R B R2 D B R2 B2 D' R' D' B2,pass
144472,13642571223221,10372316,546,R B R2 B2 R' B2 D' R' D2 R' B',pass
144940,13642573221221,11756036,620,R B' R D2 R' D R' D R D' B2,pass
145916,13645271221331,7299105,398,R B D2 B2 R D' B2 R B D2 R2,pass
147987,13647521111111,8554752,467,R B R D B2 D R' B' R' B2 R2,pass
156022,13675241112323,9364978,496,R B D2 R2 B2 R' B' D' R D2 B',pass
156471,13675242331313,8423838,459,R B2 R' D R D R' B2 D B' R',pass
160121,13725642332132,8663794,457,R D B2 R' D2 R' B R' D2 B2 D,pass
167965,13754262123323,16702470,892,R2 B' D' R B' D R2 D R' D R2,pass
170782,13762451321321,7308366,412,R B R2 B2 R B2 D R2 D2 B D',pass
172131,13764251211311,6717019,362,R B R B' D2 R' B R' B' R B2,pass
172499,13764252323231,7774999,414,R B D2 B D' R B' R B2 D' B,pass
174504,13765422121211,10411689,555,R B D B2 D R D B2 R' D R,pass
184492,14263751131121,7842988,438,R B' R D B2 R' D B' D B' R2,pass
186820,14267351321321,7935532,429,R B D2 R2 B2 R' D B' D' R B,pass
190963,14275633323122,8458323,450,R D R2 B' D2 B' R D' B2 R2 B,pass
192456,14325671111111,28979347,1554,B2 R' B R D B2 D R' B' R D',pass
192709,14325672112121,7687133,407,R B D2 B D2 B' D2 B R' B' R2,pass
192841,14325672231323,7956047,424,R B D' R D' B2 D' B R D B2,pass
192910,14325672323222,7762846,424,R B D2 B2 R D B' R D2 R B2,pass
192992,14325673123232,7935286,422,R B2 R' D R' B2 D2 B R' D B2,pass
193094,14325673232333,7453222,400,R B R2 B2 R' D' R2 B R B2 D',pass
193106,14325673311131,9032290,477,R B2 D' R' D B2 D B D2 R2 D,pass
196401,14327652131213,8649172,461,R B D2 R' D' B2 D R D2 R D',pass
196617,14327653121213,9197568,489,R B2 R' D2 B D B2 D2 B' R' D2,pass
197163,14352672212111,8282147,440,R B R2 B' D2 R B' D2 B R D',pass
199033,14356721112323,8611206,462,R B D B2 D B' D' R' B2 R2 D,pass
199220,14356721322233,10068002,541,R D B' R' D B2 D R D2 R2 B',pass
204566,14367252322232,7969346,435,R B D2 B' R B2 R D2 R2 B' R',pass
205497,14367523311113,14006600,746,R D' R' B' R B' R' D2 R' D' B,pass
210228,14523672121313,8891253,477,R B D2 B2 D' B' D2 R B2 R' B2,pass
210471,14523673121312,10726295,580,R B' D' B D2 B2 D B' D' R D2,pass
213630,14527631121311,8246942,446,R B2 R2 D2 B' R D' R D2 R' B,pass
213654,14527631131211,7944869,431,R B D2 R' D' B R' D2 B R B,pass
213675,14527631133311,7675496,409,R B R B D2 R2 B2 R B2 R' B,pass
213680,14527631211131,8681097,458,R B' R B R2 D' B' D B2 D' R',pass
213760,14527631311121,8561892,457,R B2 D2 R2 D' R' D R' B2 R B,pass
213879,14527632122213,8643908,458,R B2 D2 B D R2 D R D2 R' B,pass
213930,14527632212111,8784627,473,R B2 D2 B R2 B R' D B2 D' R,pass
214082,14527632333332,10338523,551,R D2 R' D2 R D' B' R D2 B R2,pass
214153,14527633132322,8020069,435,R B2 R D R' B D2 B' D2 R D2,pass
214256,14527633312133,8266268,448,R B D' B2 R2 D R' B' R B' D,pass
216438,14536273311311,9243220,490,R B D2 B2 R D' B' D B2 R B,pass
218356,14537622231323,8158113,444,R B R2 B2 D R' D2 B R B2 D2,pass
220612,14563272323222,7526861,414,R B R B' D2 B D' R' B D' R2,pass
221790,14567231312213,10936423,595,R D R' D' B D2 B D' R' B R,pass
221806,14567231321123,9339794,516,R D R' B' D B2 D B' R' B R,pass
224766,14573261333111,8912142,482,R B D2 R D' B R2 B2 D' R' B,pass
229635,14625731111111,11140701,599,R B' D R' B2 R D2 B' D R D,pass
229690,14625731131121,8847016,469,R B' D' B' D R2 B' R2 B R' D,pass
229838,14625731322233,7974566,435,R B2 R2 B' D R B' D2 R2 B' R,pass
229888,14625732112121,8377639,466,R B2 R' B D' B2 R2 D' R' B2 D',pass
229903,14625732113321,9345018,500,R B' R D' R2 D B' D B D2 R',pass
229984,14625732213323,7885858,427,R B R2 B D R' D2 R' D2 R' B2,pass
230031,14625732233111,8676398,461,R B2 R D' B R D2 B' D R B,pass
230193,14625733133111,7812525,418,R B D B' R D2 R' B2 D B' R,pass
231822,14632571111111,13639903,727,R2 B R' B2 R' D' B' R D2 B R',pass
232013,14632571321132,8049036,438,R B' R B' R' D B R2 D' B' D,pass
237608,14652733321331,8697208,523,R B R B D2 R D' B2 R2 D' R,pass
242028,14673251111111,10869450,607,R B' D' R D2 B' D B R B' R2,pass
245676,14723651111213,7875353,437,R B D B' R2 B D' B D' B2 R',pass
245679,14723651111312,10015088,541,R D B D' R2 D R' D B' D2 R',pass
245684,14723651112131,7937935,427,R B D2 B' D B R2 D' B' D R',pass
245692,14723651113121,7609109,407,R B R2 D' R' B R' D2 B R D',pass
245757,14723651211212,7243785,395,R B R2 B R' D B2 D B2 R D2,pass
246115,14723652322121,6752604,366,R B R2 D' R2 D B R2 D' R2 B',pass
246137,14723652331232,8329486,509,R B2 D B' R2 D' R B D' B R,pass
246307,14723653232222,7567588,421,R B D R2 B' D' R D' R D2 B,pass
246339,14723653313111,7848433,414,R B R2 D2 B' R2 B R' D' R B2,pass
246354,14723653321313,9603458,521,R D B' D2 R D B2 D R2 D2 B,pass
246402,14725361111111,9013531,485,R B R B' D R' D B2 D2 B D',pass
246403,14725361111123,7850849,483,R B D R2 D2 R D B' D R' D',pass
246608,14725361322332,8427443,470,R B2 D2 R' D' R D' R2 B R' D2,pass
246727,14725362211121,9758991,528,R B' D2 B D R2 B2 D2 R B' D',pass
246972,14725363211213,7621108,411,R B R2 D' R' D R D2 B2 R2 D',pass
246988,14725363213121,7387088,400,R B R B2 D2 B' R' B' R D2 R2,pass
247017,14725363223213,7769044,434,R B D' R B2 D' R' B R' D2 B',pass
247050,14725363311113,9941614,528,R B' D R2 B' R2 B D' R B R,pass
248716,14726531223122,8653638,468,R B' D2 R2 B' D B' R2 D B' R2,pass
248734,14726531232122,8667186,463,R B' R2 D2 B' R D' B2 R D' R2,pass
248748,14726531233313,7719540,410,R B D2 R' B D2 R D' B' D' B,pass
248829,14726531333312,7183797,382,R B R2 D' B D2 R B' D' B' D,pass
248982,14726532232313,8926631,495,R B2 D B D2 R2 B D' B D2 B',pass
249283,14726533323122,7550838,409,R B2 R B' R B2 R2 D B D2 B',pass
251613,14735621221112,7793253,424,R B R' D' B R' B' D B' D R',pass
251631,14735621223113,7192765,410,R B R' B' R D' B' D R' D R',pass
251639,14735621223332,11386379,612,R2 B D' B2 R' D R D' B R2 D2,pass
251658,14735621233112,9582682,526,R D B2 R' B R' D R B R' D2,pass
251712,14735621323112,9120079,491,R D R2 B' R D' B R D R' B2,pass
251730,14735621332112,7065610,407,R B R D2 R D2 R' B2 D B R2,pass
251739,14735621333111,7537407,418,R B R B2 R D2 R' D2 B D R2,pass
251743,14735621333222,7062954,426,R B R2 B D2 R B D' B D' B',pass
252236,14736251111132,8440035,494,R B2 R D R2 B2 R' D' B2 D R',pass
252251,14736251112332,7769661,443,R B R D2 B2 R B' D' B D2 R2,pass
252841,14736253222223,7869118,425,R B R' D' B D' B D2 R' D' B2,pass
253030,14736521132222,8527819,452,R B2 R D R' B R D B2 R B2,pass
253037,14736521133131,8408943,458,R B D B D2 R2 B2 R B2 R' D2,pass
253047,14736521211212,8062116,437,R B R2 B R' D B2 D B2 R D,pass
253070,14736521213333,8253349,443,R B2 R D R2 B' R2 D R B D',pass
253077,14736521221313,8534235,464,R B2 D' R D2 R2 D' B D2 R' D2,pass
253157,14736521321231,11551744,654,R D' R' D2 R' D' B2 D R D2 B',pass
253166,14736521322233,7702562,434,R B R' D2 B D' R' B' R2 B2 D,pass
253189,14736521332121,9701163,541,R D R' D2 R' B R B D2 B2 D,pass
253462,14736523112222,8573511,460,R B2 R D' R2 B R D2 B' D' R,pass
253469,14736523113131,8081570,449,R B R2 B' R D2 R' D R B2 D',pass
254296,14752363222121,7426474,416,R B R2 B R2 B D' B' D R2 D,pass
254326,14752363232222,9560893,541,R B' R D R B' R2 B' R2 B' D2,pass
254333,14752363233131,8510590,476,R B2 R D2 R2 B R' B R2 B R2,pass
254421,14752631111111,10558252,567,R B' R' D' R D2 B' D2 B R' B,pass
254436,14752631112311,8759401,483,R B' R B' D2 B D2 R' D R B,pass
254632,14752631323223,7763968,417,R B2 R2 B' R D B' D2 R2 B' R,pass
254891,14752632332132,7503961,411,R B2 R2 B' D2 B R D' R2 B D',pass
255010,14752633213223,7643485,414,R B2 R2 D2 B R' D' R D' B D2,pass
255028,14752633222223,8150314,446,R B2 R D' B2 D' R2 B D2 B' R,pass
255034,14752633223123,7890855,434,R B2 D2 R2 B' R B' R D2 B' D,pass
255038,14752633223231,8561740,458,R D R B' D R' B' D2 R2 B' D,pass
255258,14753261221112,7725120,415,R B R2 D R' D R2 D2 B' R' B2,pass
255357,14753261323112,9586507,543,R D2 R D B2 D2 B' D B2 R' B',pass
255384,14753261333111,7741401,416,R B R2 D' R' D' R' B R' D2 R,pass
258182,14762351221331,8879509,480,R D R2 D' R' B2 D B' R B D',pass
258260,14762351321231,9529441,518,R B' D' R2 B D' B' D B' R2 B',pass
258286,14762351331221,7280110,419,R B2 R B' R2 D2 R' B R D2 R,pass
259636,14763251221223,13645800,756,R D R' D' B R D2 R2 B2 R D',pass
259647,14763251222312,12675732,715,R B' R' B2 D' R B' R2 D2 R' D,pass
259757,14763251332331,11966393,661,R B2 R2 B' R' D B' D R' B D2,pass
259759,14763251333123,11305635,614,R B D2 R2 B2 D R D' B D' R',pass
259966,14763252322121,10963916,620,R B R' B' R B2 D' R B' R' D,pass
260078,14763253132232,10770157,593,R B R B' R2 D2 R' D' B D2 R',pass
260084,14763253133132,10760308,611,R B R D2 R2 B' R D' B R D2,pass
260086,14763253133222,11663035,645,R B2 R2 B R2 D' B D2 B2 D' B',pass
260087,14763253133231,11285185,628,R B D' R D' R2 B2 R B R D2,pass
260122,14763253221221,10854253,604,R B R' B R' D B2 R2 D2 B R',pass
260127,14763253222112,12446186,699,R B' R B' R B' D B2 D2 B' D2,pass
260274,14763521113211,8578003,467,R B2 R B2 D2 R B2 R' B2 R2 D',pass
260275,14763521113223,7840683,455,R B R2 D' R' B' D R' B D' B2,pass
260864,14763523222331,6614944,378,R B R B' R D B2 D2 R' B' D,pass
260985,14765231111213,8485425,485,R B2 D2 R2 D' R' B R' B2 R D,pass
260988,14765231111312,8850062,509,R B' R D R' B2 D B2 D B' R,pass
260993,14765231112131,8267791,455,R B2 R2 D2 B' R B' R D2 R' D,pass
261001,14765231113121,7562809,425,R B R2 D' R' B R' D2 B R D,pass
261056,14765231133131,7640462,422,R B D B D2 R2 B2 R B2 R' D,pass
261309,14765232211211,7795218,423,R B R2 D' B R' D2 B D R2 D2,pass
261376,14765232232322,7731405,429,R B R' D R' B2 D2 R D R D',pass
261447,14765232331313,7745212,432,R B2 R2 D2 R B' R2 D B R2 D2,pass
261488,14765233113131,7306028,423,R B R2 B' R D2 R' D R B2 D2,pass
261683,14765233323332,7798517,410,R B D2 B' D B' R2 D2 B' D' B2,pass
263898,15236471111111,10019386,543,R B' R2 B' D' B' D R2 B R' D2,pass
264520,15236473231121,6982521,383,R B R' D2 B' D R D' R D2 B2,pass
267034,15243671331221,7841220,439,R B2 R' D B2 R' B D R B' D2,pass
268496,15246371331332,10804602,567,R B D' B R' B2 D R' B D B2,pass
268505,15246371332331,10455587,561,R B R' B2 D2 B R D R' D' R,pass
268739,15246372331331,10329657,556,R B R2 B D B2 R D2 R2 D' B',pass
274959,15267431223113,7871536,433,R B R2 D R' B R2 B2 D' R' D,pass
276307,15273641112323,9783646,532,R B2 R' B2 D2 R' B D R' B2 R,pass
280446,15324673113311,13448645,825,R2 B R' D' R' D R2 B' D B2 D',pass
284397,15342671211311,6716686,401,R B R B' D2 R' B R' B' R D2,pass
285964,15346271321321,7197687,446,R B R' D R D2 R2 B' R' D B2,pass
292410,15367421211113,9547046,604,R D B' D2 B D' R B R2 D2 B2,pass
292455,15367421223113,7118270,410,R B D2 B D R2 B' R2 D R D2,pass
292897,15367423211123,8258162,467,R B D' B R B' D R' B2 R2 D,pass
298890,15426371111111,8876053,493,R B D R2 D R' B' D R' D2 B2,pass
298904,15426371112233,7824909,442,R B D2 R' D2 B D' B' R D' R2,pass
307818,15463271313113,8704890,565,R B R2 D R' D R2 D2 B' R' B,pass
317406,15624732123212,10621012,582,R B' D B' R2 B D2 R D' B2 D,pass
317436,15624732133313,8851570,541,R B D2 R2 B R' B D R' B2 R',pass
317600,15624732333332,8312860,471,R B R' D B R2 B D' B2 R D2,pass
318699,15627431223113,7119497,394,R B R' D' R' D' R2 B R' D2 R,pass
318771,15627431322113,9761865,558,R D2 R B R2 B2 R' D B2 R' D',pass
318798,15627431332112,7257321,455,R B D2 R D' R D2 R2 B' R' D2,pass
321785,15634722123332,11292062,638,R D' R2 B R2 B' D' B2 R2 D R',pass
321926,15634722321233,8192866,448,R B D2 B R' B D' B' R2 D R',pass
323515,15637423211123,9210905,512,R B R2 B' D B' D R2 D' R2 D,pass
323676,15642371111111,18812967,1086,R2 D R' B D B2 R' D B D2 B',pass
324024,15642372213311,8063563,470,R B2 R B D2 B' R' B2 D R B',pass
324062,15642372231332,8310205,453,R B D' B R B2 R B' D2 R B2,pass
324142,15642372331322,7738435,446,R B R D2 B' R2 D R B2 R D',pass
324258,15642373212311,7904049,435,R B R' B D2 R' D' R D' B2 D2,pass
324277,15642373221323,8384825,450,R B D B D R' D' B R2 D' B,pass
324301,15642373231223,9485362,525,R B' R B R B' D2 B' D2 B' D2,pass
325250,15643271221331,7634803,433,R B2 D2 R B2 R D' R' D' B2 D',pass
325354,15643271331221,8101667,474,R B' R' B' D B2 R' B D2 B' D,pass
325746,15643273223111,7179532,425,R B R B2 R D' B' R' B2 D R,pass
327182,15647233213232,7168907,412,R B R B' R2 D2 B D' B' D R2,pass
328073,15672341113232,9262251,531,R B' D' B2 R D' B' R B' R2 B',pass
328257,15672341323112,7343947,417,R B2 R B D2 B2 D' B R2 D' B',pass
328506,15672342323312,8450260,486,R B2 R' D' R' D' B2 R B2 R' B2,pass
328640,15672343213232,7174287,410,R B2 R D' R2 B2 R' D R B2 R,pass
329438,15672433312133,10131638,568,R B D B' D B' R B' R B2 D,pass
334217,15724362212132,9785675,558,R B D' R' D B R' D2 B2 D R2,pass
334611,15724631111111,9181344,527,R B R D2 R2 D R B' D R' B',pass
334698,15724631211311,7476044,444,R B D B' D R' B D2 B2 D B',pass
334814,15724631322233,8446406,488,R B2 D2 R' B' D R' D2 B R' B2,pass
334904,15724632123233,10566294,627,R D B R' D B' D B2 D' R2 B,pass
335038,15724632313223,7815570,483,R B D' R' B2 D' B' R D2 B' D',pass
335066,15724632323231,8672425,519,R B2 D2 R2 D R B R' B D' B2,pass
335069,15724632323333,8612351,491,R B2 R2 B' D' R B2 D' B R D2,pass
335167,15724633132322,7241074,465,R B R B2 R' D B2 R' B2 R' D2,pass
339448,15734622331223,8659150,504,R B R B D B' D2 R B2 R B2,pass
344817,15746321111111,11569925,640,R D2 R B' R B R2 D' B D B2,pass
345027,15746321323211,6918198,402,R B D R B2 R D R2 D2 B' D',pass
345240,15746322313112,6496653,349,R B R B D2 B D R2 D2 B' D',pass
345828,15762342122213,12043495,713,R B D' R B' D R2 D R' D R',pass
347004,15763241111111,10273821,580,R B' R' D R2 B' D B D B' R2,pass
347456,15763242323132,7356793,413,R B D R2 B2 R' B' R2 B' D2 B,pass
354359,16243571132132,7328630,405,R B R2 D' R D' B2 D' R2 B' R2,pass
354434,16243571231231,7908525,454,R B' R B R' B D' R2 B R B2,pass
354490,16243571321321,7578913,425,R B2 D R2 D' B D' B R' D' R,pass
355892,16245371231231,8197201,469,R B2 D R' D' B2 R D2 R D2 R2,pass
361516,16254733312223,14173190,756,R D R2 B' D' R2 D' B R B2 R,pass
362376,16257431132111,8343889,442,R B' R' B D2 R' D R B D' R2,pass
362926,16257433223123,7072265,401,R B D B2 R2 B' D' B2 D' B2 D,pass
363809,16273541122133,11982037,643,R B' R2 D2 R D R2 D R B' R,pass
363967,16273541321321,10588731,598,R B' D R D' B2 R2 B R' B2 R',pass
366132,16275341312213,9979556,558,R B2 D' R2 D' B D' B2 R2 D' R,pass
366484,16275343122221,8173344,468,R B D' B2 R D' R' D' R B2 R',pass
370970,16327453232333,7672507,456,R B R2 D2 R' B2 R' B D2 B' R',pass
372010,16342571331221,8107498,434,R B2 D B' D B D' B2 R2 D R,pass
373248,16345271111111,17542195,1002,R2 D' R B' R' D R2 D B D B',pass
373322,16345271133131,7899913,443,R B2 R B D' R D2 R' D2 B R2,pass
373365,16345271222111,8622151,497,R B' R B2 D R2 D' B D' B2 D2,pass
373694,16345272322232,8330737,452,R B2 D2 R2 D' B' D R' D2 R D,pass
373728,16345272333212,7583717,417,R B R2 D' B D' R2 B D B2 D2,pass
373777,16345273122323,9247818,513,R B' D B' D2 R B D2 R' B R',pass
373894,16345273233323,9922699,571,R D2 R2 B' D' R B' D2 B R' B2,pass
375009,16347252131312,11192941,639,R D R2 B' D R B D2 B2 R' B,pass
375225,16347253121312,10591666,602,R B' D2 B' R B R D2 R2 D B,pass
379935,16357421223113,8177382,486,R B D' R' D' B D2 B' R D' B',pass
382741,16374521112323,8655025,478,R B D B2 D B' D' R D' B2 R2,pass
383293,16374523211123,7704751,415,R B R' B' R2 D' R' D R2 B' R2,pass
385165,16423572112121,9180024,540,R B D2 B2 R D' B D' R B R2,pass
388644,16427531211311,7367474,425,R B D R2 B2 D R' B' D B2 R2,pass
388699,16427531231321,8129917,453,R B2 R D B2 R2 B' D' B2 D R',pass
389039,16427532333233,13396914,774,R2 B D2 B2 R B' R' B D2 R D,pass
395118,16453271111111,11119701,648,R D R' B2 R B' R D R2 B2 D2,pass
395199,16453271211113,7427475,451,R B D2 B R B2 D' R2 B R B2,pass
395363,16453272111131,7510356,427,R B D' R B R' D R' D2 R2 B,pass
401505,16475233132313,11072986,609,R B2 R2 D2 B' R2 B' R' D R' B',pass
403126,16523473332323,7617940,413,R B R2 B' R D B2 R' D' B D,pass
403149,16523741112212,8923768,502,R B R D2 R2 B' R D2 R' D2 R2,pass
404607,16524731112212,10308875,595,R D R2 D' B' R2 D B' R D B',pass
404609,16524731112233,8857351,494,R B' R' B2 D B' D' R D' R2 D',pass
404615,16524731113133,8764969,491,R B2 R B' D2 R2 D' B R D2 R,pass
405324,16527341111111,8708544,504,R B D R2 D B2 D R B R2 D2,pass
406106,16527431123333,12917227,740,R B2 R2 B' D' R B' D R' D B2,pass
406172,16527431222132,13426597,806,R B' R D' R B' R D2 R2 D' B2,pass
406228,16527431312222,14567234,811,R D R' B' D R D2 R2 B2 R B',pass
406290,16527431333213,11532631,626,R B R2 D2 B2 R B R' B D' R',pass
406322,16527432113333,11702822,646,R B R B' D2 R2 D B D B' R2,pass
406384,16527432211322,13505729,760,R B' R B R' B D2 R2 B' D R2,pass
406432,16527432231122,12142174,659,R B R' D' B D2 R' B R' D' B,pass
406439,16527432231332,11588605,622,R B R D' B2 R2 B R D B' R2,pass
406519,16527432331322,12382722,700,R B2 R B R D2 B R' D2 R' D,pass
406530,16527432333113,12054294,673,R B D2 R2 B2 D R B' R B' R',pass
406712,16527433312133,11828420,686,R B R B2 R2 D' B R' B R B2,pass
406786,16532471111222,9888539,532,R B2 R B2 R2 D B' R' B D' R,pass
408240,16534271111111,9773572,608,R B' R2 D' B D B R2 B R' D,pass
408242,16534271111132,7292771,427,R B R B2 D' R B' R B' R2 D,pass
408807,16534273211111,9163525,507,R B' D2 B' D B2 D R2 B D B2,pass
409537,16534723211123,11976768,659,R D2 R B D2 B' D' B2 R B D,pass
410431,16537421111222,8078996,454,R B R2 B' R' D2 B R' B R B',pass
410452,16537421113322,8154620,466,R B2 R D' B2 R D B R2 D' R2,pass
410453,16537421113331,8581695,565,R B D2 B D R' B2 D R D B',pass
410553,16537421223113,7119609,431,R B R2 D R' B R2 B2 D' R' D2,pass
410580,16537421233112,10015518,599,R D2 R D R2 D2 R' B D2 R' D',pass
410652,16537421332112,7213980,426,R B R2 D' R' B' R' B R' B2 R,pass
411272,16542371221331,6786258,373,R B R2 B D' B R' D' R2 B R',pass
411376,16542371331221,7520192,403,R B2 R' D B2 R' B D R B' D',pass
411416,16542372112331,10471150,614,R D' R D R2 D2 B2 R' D' R B2,pass
412726,16543271221223,14326033,822,R D2 R2 D R' B R' B R' B R2,pass
412744,16543271223221,10669378,615,R B R B2 D2 B' D R' D' B2 R,pass
412838,16543271331332,11564549,651,R B2 R2 B' D B' D R' B D B2,pass
412847,16543271332331,11677752,652,R B2 R2 B D B' R B' D B' R2,pass
413081,16543272331331,10811411,607,R B R2 B2 R' B D2 R B2 R2 B',pass
413212,16543273221221,11529501,661,R B2 R2 B D' B R' D R' B R2,pass
413343,16543721111111,8922641,483,R B D R2 D R' B' D R' B2 D,pass
413364,16543721113211,7312419,392,R B R D' R2 B D' B' R D' R2,pass
414790,16547233332323,8412352,460,R B2 R2 D2 B D' R B' D2 B R',pass
414827,16547321113331,10533790,575,R B2 D' R2 D B D2 R2 B' D' R2,pass
416259,16572431111111,10096764,569,R B' R' D B' D2 R' D B R D2,pass
416848,16572433213223,7262800,451,R B D' R2 B2 R D2 R D2 B R,pass
417034,16573241123123,8491723,541,R B' R D R2 D2 B2 R' B' R B2,pass
417165,16573241312312,7642333,461,R B D R2 D R' B' D' R2 B R,pass
418466,16574231113133,8967240,504,R B R2 D2 B2 D' B R' D' R D,pass
419942,16723451122133,8994843,511,R B R' D2 B2 R' D B' D' R B2,pass
420108,16723451322311,7968591,447,R B D' R2 B2 D' B R' D' R D2,pass
423582,16725431121311,7614873,434,R B R2 B' D B D2 R' B' D R',pass
423606,16725431131211,7859383,448,R B D2 R' D' B R' D2 B R B',pass
423631,16725431211122,7929710,428,R B R' D2 B2 D' B' D2 B R2 D',pass
423632,16725431211131,9750339,547,R D B R' D2 R D' R B' D2 R',pass
423712,16725431311121,7370032,397,R B R B' R2 B D' R D' B2 R',pass
423874,16725432211121,8726111,475,R B2 R' D R' D R2 B' D' R D',pass
423940,16725432232223,7660762,408,R B R B' R D2 R' D2 B R' D,pass
424059,16725433113311,7852635,445,R B D R B2 D R2 D B' D2 R2,pass
424074,16725433122212,7414994,416,R B R2 B' D' B2 R B' D' B2 R2,pass
424274,16725433333232,7054582,379,R B R2 B R' B R2 D' B D B',pass
427476,16735242122213,10612181,577,R B R2 B2 D' R B' D' R D R',pass
429045,16742352232313,9453869,532,R B D2 B' R2 B R' B D R' D2,pass
430564,16743252323222,7735450,418,R B R2 B D R' D B D R2 B',pass
431844,16745232121313,9057499,512,R B2 R B' D B2 D' B2 R D' B',pass
431851,16745232122222,8420003,477,R B R2 B2 R B D B' D2 B' R,pass
432084,16745233121213,8317496,452,R B R2 B2 R B R D' B2 D' B,pass
432294,16745233333313,12052631,740,R D' B2 R B R2 B' D' B2 D' B',pass
434592,16753241221112,9180148,546,R B D' R B' D2 B R' B' R' D',pass
444690,17246351111111,8673987,505,R B R B2 R D' B' R B' D2 R2,pass
454659,17265433111313,13199739,723,R D2 R B R' D R' B2 R' B R',pass
454984,17324561211323,9123200,526,R D2 R B' D B R2 D' R B R2,pass
455048,17324561232332,6645975,371,R B R D B2 D B R2 B2 D' B',pass
458145,17326452212111,14023366,847,R2 B2 R' B' R' D R2 D R2 D' R2,pass
466656,17356241212313,6758825,390,R B R' B' R D2 R B R' D2 R2,pass
466892,17356242211331,10713531,657,R2 B R2 B R2 D B D' R B' R',pass
468105,17362451211311,6636467,363,R B R D2 R D' B' D R' D2 B,pass
468160,17362451231321,7460302,415,R B D R' D2 B D' R' D B' R2,pass
468366,17362452213311,11473557,704,R D' B2 D' R B2 R B2 D B D2,pass
469616,17364251231231,8903429,616,R B2 D' B2 D R D2 B2 R' B' R2,pass
473711,17423653213232,7549932,443,R B2 R' B R2 D' B R D R' D2,pass
474615,17425631122112,8109005,458,R B D' B' R B' R' B R' D R',pass
474705,17425631223113,7273744,411,R B D B2 D B2 D' B2 R B R2,pass
474759,17425631313113,7889048,446,R B D R2 D R2 D' B2 R D R2,pass
474777,17425631322113,9283636,501,R D R2 B' R B' D R D R' D2,pass
474785,17425631322332,10909607,603,R2 B R D2 B R' D R2 D R' B2,pass
474786,17425631323112,9389982,535,R D B2 R' B D' B D B R' B2,pass
474790,17425631323223,7641133,412,R B D2 R' D R' D B D2 R D',pass
474804,17425631332112,7456840,403,R B D' R' B R' B' R B' D R',pass
476051,17426531112233,8100323,435,R B D' R2 B D' B' D' R2 D2 B,pass
476067,17426531121212,9128049,495,R B2 R D B2 R' B2 D R D B',pass
476106,17426531132312,8934216,486,R B2 D' B R2 B2 R' B D2 R' B2,pass
476137,17426531213123,9735181,527,R D R' B2 R' B R D B2 D2 B,pass
476167,17426531223221,7166812,389,R B R B D2 R2 B2 R B2 R' B2,pass
476186,17426531232233,11385487,617,R D' R' B2 R' D' R2 D R B2 D',pass
476219,17426531313131,9161159,497,R B2 R D B' R B D B2 R D2,pass
476261,17426531331332,7519173,405,R B D2 R' B' R' B2 D B' D2 B,pass
476310,17426532121211,8330785,435,R B R B' R2 D R' B2 D2 R B',pass
476504,17426532331331,8251078,441,R B2 D R2 D R' B R2 B R B,pass
479279,17435622211133,10934774,583,R B2 D' B R D R2 D2 B' R D,pass
479521,17435623211123,11779219,625,R B2 D' R B D R2 D2 B' D B,pass
480623,17436521323232,7187249,398,R B R' B D2 R D' B' D' B2 D',pass
481730,17452363213232,7248995,393,R B2 R' B R2 D' B R D R' D',pass
481826,17452363322132,7299731,392,R B R2 D' R' D' R B2 R B R,pass
482459,17452633213232,9364812,493,R B D' B2 R2 B D' B2 D' B2 D2,pass
482924,17453262211133,8313938,451,R B R2 B' R D' B R2 B' R2 B,pass
485862,17462352213311,8644486,465,R B2 R B D2 B' R' B2 D R B,pass
487008,17463251122112,8007749,424,R B D2 R D' B R2 B2 D' R' B2,pass
487088,17463251221331,6753168,362,R B R2 B D B' R2 D R B D',pass
487152,17463251313113,7774491,423,R B R' B' D' R' B2 D R' B2 R,pass
487166,17463251321231,8397350,447,R B2 R D' R2 B D R D2 B' R2,pass
487179,17463251323112,9581377,509,R D2 R B D2 B2 D' B D2 R' B',pass
487192,17463251331221,7172143,385,R B D2 B' R' B2 D R' B R D',pass
493588,17526431131121,8056013,432,R B D2 R' D' B' D R' D B' D2,pass
493675,17526431231321,8486093,452,R B2 R B2 D2 R D2 R' D2 R2 B',pass
493826,17526432123233,11230251,592,R D B R' D B' D B2 D' R2 B',pass
500094,17543261111111,11455852,602,R D B' R2 B R' B D R2 B2 D2,pass
500157,17543261132111,7294495,398,R B R2 B D B2 R' B2 D R B2,pass
516861,17642531111111,8647386,473,R B R B2 R D' B' R' D2 R2 B,pass
516875,17642531112233,10381231,549,R D B' D' B R2 B R B2 R2 D',pass
517521,17642533312211,7387759,407,R B R D' B2 D' R' B D2 R' D2,pass
517626,17643251122112,8751632,471,R B R' B R' D2 R B' D' B' D',pass
524880,21345671111111,10782338,576,R B' D2 R' B R' B' R D2 R B,pass
525985,21345762223322,12891974,689,R D2 B' R2 B R2 D' R D2 R2 D',pass
526030,21345762312323,10185198,546,R B' R B' D R2 D2 B2 D B R',pass
526036,21345762313223,9157331,499,R B D2 R' B R D2 B2 R D' R',pass
526325,21345763332233,9825519,525,R B D2 R2 B' D' R B' D R2 D,pass
527497,21346752313322,10958582,584,R D R2 B2 D R' D' R' B2 R2 D',pass
528217,21347562312323,13712485,722,R2 D2 R B' D B R2 D' R B R2,pass
529290,21354671122112,8000523,429,R B R D2 R B' R D2 R B2 D,pass
529314,21354671131313,9859497,540,R B' R2 D2 B R' D2 B D' R' D',pass
529362,21354671221112,8137157,434,R B R2 D B2 D R' B D2 B D,pass
529660,21354672311123,9015784,484,R B' D2 R D2 R' D B' D2 B' D,pass
529661,21354672311132,9884352,523,R D R2 B2 D B' R D' R2 D R',pass
529680,21354672313211,27975472,1614,B2 R B' D R D2 B' R D R2 D',pass
529794,21354673131113,9808924,582,R B' R2 B D B2 R' D2 B R B',pass
529997,21354761112233,8365738,445,R B2 D2 R' B' R D' R2 B R' B2,pass
529998,21354761112311,7808022,422,R B D B' D2 R2 D B' R B2 R2,pass
530004,21354761113211,8661743,459,R B2 D2 R2 D B R B' R D' B2,pass
530008,21354761113322,7928670,425,R B2 R D2 B2 R' D R' B2 D2 R2,pass
530022,21354761122211,10399035,560,R D R D' R B' R B2 R' D2 B,pass
530061,21354761133311,8725526,472,R B2 R2 B' R B' R2 D B' R' D2,pass
530331,21354762213311,7303106,397,R B R' D2 R B R' D R' D B2,pass
530643,21354763312211,7802263,430,R B D' R B' D' R2 B' R2 B' D',pass
532575,21357462311111,10808224,576,R B' R2 D2 R B D2 B R D' R,pass
532763,21357463213331,9999659,544,R B2 R' B R' B' R D' R2 D B2,pass
533252,21357642221132,10420975,552,R B2 D B2 D R B2 D' B R' B2,pass
534762,21364752311111,9353798,506,R B R2 D' B' R2 B' D' B2 R D,pass
534936,21364753212212,8809166,480,R B R D B D' B2 R B2 R B2,pass
536172,21365742221312,7637182,420,R B R D' B2 R B R2 B' D' B',pass
536236,21365742312323,9241784,504,R D R' B R2 D R' B' D' B2 D',pass
536714,21367451311331,7922487,433,R B D R2 B D2 B R' D B2 R2,pass
536796,21367452112112,7781113,417,R B R2 D' R B' R2 B' R2 D' R2,pass
539452,21374653333121,8666729,471,R B2 R D R2 D R' B' R2 D2 B',pass
539879,21375462312233,8494102,465,R B R D2 R D' B' D R' D2 R',pass
540183,21375463333211,9212273,507,R B' R D' R2 D' B' R' D B2 R,pass
541648,21376541111123,8311692,456,R B D B' R B2 R' B D' R B2,pass
541662,21376541112311,8025117,427,R B D B' D2 R2 D B' R' B2 R2,pass
541686,21376541122211,10915545,592,R D R D' R B' R B2 R' D2 B',pass
541703,21376541131133,8498024,454,R B D R' D R B2 R2 D' R' B,pass
550585,21457631321123,11330053,609,R2 B D2 R' D R' D B D2 R D',pass
556206,21473563331312,10129808,537,R B R2 D2 B D' B D' R D' B',pass
562421,21536742222131,9981587,543,R B2 R D2 B' D' B R' B R' D,pass
587959,21654372231323,8778925,477,R B2 D R2 D' R D' B D' B' D',pass
587977,21654372233321,8016313,434,R B2 R2 D2 B' D R B' D B' D2,pass
588286,21654373332122,7890061,434,R B2 D2 R2 B R' B R2 D' R B',pass
588289,21654373332221,7832538,424,R B2 R' D' R2 B D' B2 D R' B2,pass
595883,21734652123131,7696341,431,R B R D R D2 R D' B R2 D2,pass
615566,23147562123131,11140913,605,R D R D2 R D B2 D' B' D2 R,pass
616021,23147651112323,9191318,493,R B D B2 R2 D B' D' R B2 D2,pass
616426,23147652312323,8011509,446,R B2 R B D2 R2 D' R' B2 R D',pass
618311,23156471222132,8615277,467,R B2 R' D R2 B' R' D' R2 B R,pass
618428,23156471333132,7299334,396,R B R B2 R B R D' B2 R' B2,pass
618893,23156473323332,8102108,434,R B R' B2 D' R2 D R' D2 B R',pass
619793,23157461231333,9138800,481,R B R' D2 B' R D R' B2 D2 R2,pass
619948,23157462131123,11401155,614,R D B' R B' D R' B2 R D2 B',pass
621695,23164573213133,9137016,488,R B R B2 R D' R D' R B R,pass
622140,23164752131312,8720992,476,R B D R2 B2 D B' D B' R D',pass
622563,23164753333313,8487828,461,R B R D2 R2 B' R B' R2 D2 B',pass
622566,23165471111111,9221901,492,R B R' D R' B R2 B2 R D' B',pass
622730,23165471311133,8334222,442,R B2 R B2 R2 D B D R' D2 R',pass
622739,23165471312132,7753002,415,R B D R' D2 B R D' B R2 B,pass
622810,23165472111122,8700294,464,R B2 R2 B' D2 B D B' R2 D B',pass
622817,23165472111332,7441661,401,R B R2 B R B2 D B2 D R2 D,pass
622880,23165472132332,8560920,462,R B' R B' R2 B R' D R B2 D',pass
622971,23165472311111,7969080,431,R B D' R D2 R' D B R2 D2 B2,pass
623209,23165473233221,9432724,502,R D R' D2 R B D' B D' R B2,pass
623311,23165741112323,11562006,629,R B R2 D' B D R2 B2 D R' D',pass
623436,23165741231312,10519858,562,R B2 D' R2 D B2 R' D R2 D2 R',pass
623585,23165742123131,10435551,557,R B D B2 D2 B D R D' R2 D',pass
623599,23165742131321,12861421,703,R D2 B' R2 B D2 R' D R2 D2 R',pass
623600,23165742131333,15041858,804,R2 B2 D2 B' D B' R2 D' R D' R2,pass
623716,23165742312323,10410439,557,R B' R' B R B2 R2 D2 R B' R,pass
624003,23165743331312,15082905,823,R2 B2 D2 B' R B' R2 D' B D' R2,pass
624913,23167541233322,8749574,472,R B2 D' B2 R D' B' D R' D R',pass
625054,23167542131222,8656437,469,R B2 D' B2 R D' R' B R' B D',pass
626501,23174652123131,9056459,493,R B R2 B' R D2 B' R' D2 R B',pass
627511,23175463211222,9460061,508,R B R' D2 B2 D B' D2 B' R2 B2,pass
628708,23176452132221,8709965,473,R B2 R2 B' R D' R D2 R B D2,pass
629114,23176453332233,9268564,492,R B D' R D' R2 D B R2 D' R,pass
632316,23416752121211,11715013,625,R B' R B' D' B D2 B R D' B2,pass
633403,23417563232123,7738994,421,R B D' B2 D B' R B' D2 R2 B2,pass
636272,23456173212332,6736635,370,R B R' B' D' R B2 D' B D2 B',pass
636328,23456173233122,8600480,457,R B' D R D2 B2 R B D2 B2 R',pass
637001,23456713212332,7005199,378,R B R2 B' R2 D B' R2 B R B',pass
644706,23475162121112,10972809,592,R B R2 B R2 B' D R' B' D2 R2,pass
650573,23517462131333,11811063,639,R B' R B' D' B D2 B R D' B,pass
664522,23576412233321,7816018,421,R B D B' R' B D2 B D2 R' B2,pass
664540,23576412312323,7503341,411,R B R B' R' D B2 D B2 R' B2,pass
676782,23657142121112,11891464,626,R B' R D R2 B2 D R' D2 R D2,pass
678257,23671452122333,16368146,869,R2 B' R' B R' D B2 D R' D B2,pass
680065,23674153232321,7082288,383,R B D R' B2 R' B' R' D R2 B',pass
691156,23751461132123,6765176,368,R B R' D' R B2 R B2 D' R2 D,pass
691594,23751463112321,6840527,384,R B R' D R D B' R2 D R B',pass
694619,23756143222331,8541230,463,R B' D B D2 B' R D2 B' D2 B,pass
694860,23756411222312,10563402,563,R B R' B R2 B2 D' R B' D' R,pass
695340,23756413222112,11042725,592,R B D' R B2 R2 D' R D' B' R,pass
695355,23756413223312,10589505,560,R B R' D' R B' R2 D2 R D' R,pass
695427,23756413322312,11088504,605,R B D' B' D B' R2 D2 R B' R,pass
704651,24153672321233,8672830,461,R B R B2 R2 D' B R2 B' D2 B2,pass
707313,24157361313212,7913760,433,R B2 D B R2 B R2 D2 B D' R2,pass
707580,24157362323111,7799120,416,R B2 D B R2 D2 B' R2 B D' B2,pass
712058,24167353132232,11457476,617,R D B' R2 D R' B D B' D2 B',pass
714146,24173652323231,7219631,391,R B R B' R2 D R' D' R D' B2,pass
717990,24315673311311,13686259,737,R2 B D' B' D' R D2 B' D R2 D',pass
718108,24315761122322,9517023,512,R B' R2 B' D' B2 D' B R B2 D2,pass
718414,24315762213323,8687160,470,R B R' D R B2 D' R D R2 D',pass
721803,24351671212211,10902056,588,R D B' R' D' B D2 R' B D2 B',pass
722198,24351673111133,11094842,592,R D B' D B2 D' B D' B R D2,pass
722364,24351673311311,12844097,688,R2 B D2 B' R2 D R' D2 R B D',pass
722440,24351761111123,13146678,717,R2 B D2 B2 R2 D' R' B R' B D2,pass
722534,24351761212232,9278026,492,R B D' B' R B' D2 R2 B' D' B2,pass
729936,24367511323112,9701796,524,R D' R2 B D' R D' R' D' B R2,pass
730216,24367513111121,7256305,392,R B R' D2 R B' R B' R2 D2 B2,pass
734464,24376512222122,11908545,631,R B' R D2 R D' R D' R2 D B2,pass
737415,24516732233111,8862797,477,R B D R2 D R' B' D R' B2 R',pass
739738,24531673123121,9918480,542,R D B R2 B' D R2 B' D2 B D',pass
742019,24536713231232,8833878,477,R B R D2 B D2 B2 D R' B2 D2,pass
743479,24537613231322,11481943,619,R D2 B R2 B' R B' D R' B' D,pass
743825,24561372111131,8655991,467,R B' D2 B R' B R B2 D' B R,pass
745797,24563711121212,11001589,591,R B R' B2 D' R' B2 D B D2 B2,pass
746042,24563712121232,11088715,608,R B R' D2 B' R' D2 B R D2 R2,pass
746284,24563713121222,14218916,757,R D2 R' B' R D' B D2 B D' R,pass
748308,24571362221213,10253037,561,R B R2 B D R' B2 R' B' R2 D,pass
748713,24571631121212,10223576,549,R B R' B R B2 D2 R' B2 R2 D',pass
753803,24615371112332,8211369,449,R B D2 B R' B' R B' D2 R D',pass
754134,24615372213311,15566753,834,R2 D R' B D R2 D B2 R2 D B,pass
754557,24615731122313,10804368,583,R B2 D' B2 D B2 R' B D2 B2 D',pass
754586,24615731132333,14801685,790,R2 B R2 D2 B2 D' B R' D B2 D',pass
754765,24615732111323,13064862,694,R D2 B' D2 B D2 R' B D2 B2 D',pass
754863,24615732213311,8915415,493,R B R2 D' B R D2 B2 R B' R',pass
754918,24615732233321,10597692,587,R B' R' D B R2 B2 D2 B R' D,pass
755026,24615733113323,15225370,835,R2 B D2 R2 B2 R' D B' D B2 D',pass
755164,24615733311122,9297623,516,R B R' D2 B2 D R D R' B2 D,pass
756376,24617532233321,11825319,651,R2 B2 R B' R D R2 B' R B D2,pass
760754,24637512311132,11080640,610,R D R B2 R B R2 B' D' B2 R,pass
761827,24651731113223,8650342,468,R B D' B D' B D2 B2 D R D,pass
762047,24651731333333,7789845,423,R B R2 B D' B' D B' R2 D B',pass
771938,24715363311332,9330923,501,R B R' D' B R' D2 B2 R' B' D2,pass
772011,24715631111111,9843611,527,R B D B2 D2 B R D' B D' B',pass
772048,24715631122121,9777012,520,R B' D2 B R B2 D2 R2 B R' B',pass
772049,24715631122133,7871964,428,R B R D2 B2 D' R' B' R B2 R2,pass
772438,24715632313223,7137388,397,R B R D' R B' R' D2 B2 R' B,pass
772506,24715633112111,7023049,385,R B R D' B R' D R2 D2 R B',pass
772553,24715633131131,9527994,523,R B' D B2 R' B2 R B' D B R,pass
773924,24716532323231,11063615,590,R B' R2 B' D B R2 B R' D2 R',pass
774198,24731561111111,13757247,727,R2 B R' B R2 D R' D' B' D2 B',pass
774608,24731562311231,8007715,458,R B2 D R B2 D2 R' D2 R D' B2,pass
778211,24736512222332,11511246,625,R D B' D R' B R' B2 R D2 B',pass
778928,24751362221231,14246478,753,R2 B R2 D2 B' R' B D' B R2 B,pass
779004,24751362321113,17166979,901,R2 D B2 R2 D' R' D R' B R2 B,pass
783787,24761531221223,11141706,609,R D R' D2 B R' D B R' B2 R',pass
784404,24763151111111,9186232,488,R B R' B2 R D' R D' B2 D2 R2,pass
787194,24765313222112,9389494,512,R B D' R B' D R2 D R' D R2,pass
787723,25134672233321,7749851,437,R B D' R2 B R D R2 B' D B2,pass
787741,25134672312323,7443544,402,R B R' D2 B R D B2 R' D B2,pass
787746,25134672313211,9975928,536,R B' R B' D' B D2 B D R D',pass
790236,25137461111111,10029016,541,R B' R B R' D2 R' D' R' B D',pass
790324,25137461211323,6904616,376,R B R2 B' R D R2 D2 R B R',pass
796813,25163741112323,9131720,491,R B R2 B2 D2 R' B' D R' B R2,pass
805308,25314673111313,18618849,988,R2 B D' B R' B R B2 D2 R2 B,pass
805310,25314673111331,17789391,936,R2 B R2 D2 B2 R B D' R D' B,pass
805362,25314673131311,18391918,972,R2 B R' D B' R D B2 R2 D2 B,pass
809700,25341673113311,15369182,815,R2 D R' B' D' B R2 D' B R2 B',pass
810346,25341762313223,12998117,700,R2 B R' D R B2 D2 R' D2 R D,pass
815432,25364172311231,14180811,787,R' B R B' D2 B D' B R B2 D2,pass
815639,25364173223231,6707854,369,R B R D' R' D' R B D' R B2,pass
817291,25367411211122,9490067,511,R B D2 B2 R B' R B' R D R2,pass
822762,25413672323111,14279113,778,R' B R D' B2 D B' D R B2 D2,pass
823558,25413763121222,9926839,528,R B R B' R B R2 D' B D B2,pass
829041,25436711311313,8388714,449,R B2 D2 R2 B' D B' R B2 D' B,pass
829162,25436712123122,7801730,437,R B D2 B R B2 D B2 D B2 D,pass
829169,25436712123332,8642316,468,R B2 R2 B' R2 B D R' B2 D B',pass
829180,25436712132122,8548493,460,R B' R D2 B' D' B D' R2 D R',pass
829328,25436712323231,7795787,424,R B R' D R2 D' R B R2 D2 B2,pass
829510,25436713232321,8383681,445,R B' R' B' D R2 B' R2 B D' R,pass
829585,25436713332122,7951661,433,R B2 R' D B' D2 R2 B' D' B2 R',pass
833831,25463713212332,8808758,474,R B R' B' D2 B' D' B2 R B2 R',pass
835886,25471362323132,8310507,443,R B' R2 B D' B D B2 R' D R,pass
836337,25471631312213,12508845,662,R B' D R2 D R' D R' B' R2 D2,pass
845002,25631741212121,15333302,825,R2 B R' D B' D' R B2 R B D',pass
847049,25634713321232,9661424,516,R B2 D R' B' D2 R D2 R B2 R2,pass
848657,25641371213132,9327953,496,R B D2 R2 B2 R' B D' B D2 B',pass
859781,25714632123131,9950940,528,R D R2 B2 D R' D B' R2 B R',pass
859868,25714632223331,8828425,470,R B' R2 D R2 D' B R' D2 R' D,pass
859917,25714632313211,24683653,1348,B R2 B' D' B D2 R' B' D R' B2,pass
860012,25714633121333,9648661,520,R B' R' B D2 B R' D' B R2 B2,pass
861043,25716431212223,9293304,498,R B D' B D' R2 D R B2 D' R,pass
861564,25716433223213,8770361,488,R B2 R2 B' D B' R B2 R B D2,pass
862797,25731642232211,15433156,827,R2 B R' B D R' B2 R' D2 R D,pass
863487,25734162221111,8754001,482,R B R2 B2 R B2 D R2 D2 B R',pass
864376,25734613113323,11859572,652,R D2 R B D2 B D' B' D2 R2 B',pass
864595,25736141111123,10527794,583,R D R' D' B' D2 R2 B' R D' R,pass
864752,25736141233232,9976702,543,R D2 B D2 B' R D' R D' B' R',pass
865395,25736411133113,9512654,506,R B' D B D2 R' B2 D R B2 R',pass
865465,25736411231321,8585291,450,R B2 R' D' B R2 D' B' R' D B2,pass
865518,25736411321312,7320770,404,R B R D2 R B2 R D' R' D B2,pass
865539,25736411331113,9087737,502,R B' R B D2 R' D2 B R D2 R',pass
865854,25736413123112,7629159,407,R B D B2 D R2 D R' B' D B2,pass
866196,25741361232113,10546020,570,R B' R D2 B' R D R' B D2 B2,pass
867148,25741632222323,8902091,483,R B2 D B2 D' R D' R B' R' D',pass
867202,25741632312323,8031428,426,R B2 R2 D2 B' D B D' R B' D2,pass
868397,25743611233232,8316327,443,R B2 R D2 R2 B D' B' R D' B,pass
872255,25763142223133,10118552,537,R B' D2 B R B2 D' B R2 B' R',pass
872845,25763411332322,7678822,431,R B D' R D2 R' B D' B D R2,pass
877297,26135742132221,9599270,518,R B' D2 B' D' B2 D' R D B2 R2,pass
877336,26135742213323,8847770,471,R B R' B D R2 B' D R B2 R',pass
877461,26135742332312,9148862,497,R B' R2 B' R' D2 R' B D B2 R2,pass
883585,26153471122121,9009706,488,R B2 D' R' B2 R D2 B' D R B2,pass
884090,26153473131131,8178092,433,R B D2 B2 R D' B D' R B R,pass
884098,26153473132121,7977446,428,R B2 R' B2 R B2 D2 R' B' R2 B2,pass
885477,26154372332213,17729608,951,R2 B' D2 B R' D R' B2 R' B R',pass
892028,26175432331133,9784455,520,R B2 R D2 B' D' R B' R B' D,pass
895305,26317451212211,14198962,761,R2 B2 R' D' R' D B2 D B2 D' R2,pass
898983,26345711223113,6620071,360,R B R2 D' R2 D' R D' R2 B2 R,pass
905913,26371453112111,7796121,424,R B2 R' B' D' R D2 B D' R B',pass
912184,26415731322323,7681176,405,R B R B' D2 R B D2 B' D' B',pass
912253,26415732121223,7647666,415,R B R2 D' B D2 B' D' R2 B2 D,pass
912382,26415732233321,9481220,530,R D R' B2 R' B' R' D R2 B D',pass
916714,26435712222122,14013847,749,R2 B R2 D2 B2 D' R D' R B2 R',pass
916756,26435712233321,10358739,552,R B' R D' B R2 B2 D2 B R D',pass
916760,26435712311132,9882924,528,R B R B2 R2 B R B D' B2 D',pass
916801,26435712322322,13042150,707,R D2 B' D2 B R2 D' B R2 B2 R',pass
917002,26435713311122,9759587,521,R B D' B2 R2 B R B D' B2 R,pass
917075,26435713333133,11870201,670,R D B2 R2 D' B' R B' R B2 R,pass
918096,26437512122312,8712356,476,R B2 D' R2 B D' B' R D' R D',pass
920324,26453172211133,9638589,511,R B' R2 B D B2 R' D R2 D' R',pass
920969,26453711333333,8677611,468,R B2 R2 B R' D2 B R2 B D2 B2,pass
927325,26513471122121,9192209,491,R B2 R D' B2 R' B' R' D2 R' B,pass
930930,26517343333313,11195192,599,R B2 R2 B D2 B2 R2 B' R2 B2 D,pass
934575,26534713333313,12014358,656,R D' R B' R B2 D R' B' R' B2,pass
937494,26543171111111,9093699,484,R B R' B2 R D' R D R2 B2 D2,pass
937539,26543171123111,7379007,402,R B R2 B' R D' R2 B R2 B' R2,pass
940228,26547313131323,11990793,642,R B2 D2 B' D R' D R2 D' R2 D,pass
943305,26573413331312,9905424,525,R B R2 B2 R' B D2 R' B2 R B,pass
947063,26714531212133,9594019,515,R B R' D B' R D' R2 D R2 B',pass
947243,26714532121133,10367268,551,R B2 D R2 D R D2 B' D R' B2,pass
949057,26715433231322,8840609,473,R B D' R B D2 B2 D' B' D2 R,pass
953676,26741351232113,7665754,420,R B R B2 D2 R B D2 R2 B' R',pass
955994,26743512121232,11979122,634,R B' R2 D' R' D R D' B2 D B,pass
962336,27134561131133,8885276,475,R B R' B' D R D' R D2 R' B,pass
973622,27154632311132,7987442,428,R B R' D R2 D R D B R2 D2,pass
980931,27314652313211,9716928,518,R B' R B D B2 D B' D' R D',pass
996978,27365412321212,11568071,629,R B' R D2 R D' R D' R2 D B',pass
999270,27415363131113,11199618,603,R B R' B D' R' B R B D2 B2,pass
999914,27415632323231,9577461,520,R B D2 R' B' R2 B' D' R2 B D,pass
1000141,27415633321322,11816527,629,R D R' D R D' B2 R D' R B',pass
1001237,27416532133232,7966437,427,R B D2 R' D B' R2 B' R2 D' R2,pass
1001597,27416533321232,9674648,513,R B' D B R' B R' B2 D R D2,pass
1004116,27435612122222,8596653,470,R B R D2 B2 R D' B D' B D',pass
1007523,27453161123111,7099541,382,R B R2 D B2 D R2 D2 B' D R,pass
1007541,27453161132111,8331403,452,R B2 D' B' D' B2 R D' B2 D' B2,pass
1009489,27456133132223,9046559,482,R B R' B' D B R2 D2 B2 D' B,pass
1017684,27516341111111,8747328,464,R B R B2 R B2 R B R B2 D2,pass
1020600,27534161111111,8701420,471,R B R B2 R D' B' R B' R2 D,pass
1020601,27534161111123,11562593,621,R D' R2 D' R B2 R D2 B D R2,pass
1021005,27534162311111,8057122,451,R B D B' R2 D B' R' B D' B2,pass
1021736,27534612311132,9425860,515,R B D2 B' R B2 D' R' B2 R B',pass
1023261,27536412332312,8719915,464,R B2 R2 B' D R' D R2 D B D2,pass
1025704,27543611111123,10230987,547,R D2 R' D2 R' D R' D2 B2 D' R,pass
1025705,27543611111132,7267687,391,R B R' B2 D2 B R2 B D2 R B,pass
1027540,27546312231122,15343009,818,R2 B2 R D2 R2 D B2 R' D2 R2 B,pass
1033715,27613543333133,11223475,606,R B' R B R2 D2 B R' B2 R B2,pass
1034378,27614353311332,9743306,522,R B D' B R' B R' B2 D2 R' D',pass
1036088,27615431312333,10610145,560,R D B D2 R2 B D' B R' D R',pass
1036177,27615432113321,11223448,596,R D R2 B2 D R2 D R B' R B2,pass
1036578,27615433313213,7803958,421,R B R B2 R2 B D' R B' R B,pass
1038881,27634511131133,8754682,471,R B2 R' D' B' R D2 R B2 R' B2,pass
1039228,27634512233321,8196730,441,R B2 R B R2 D2 R' B' D2 B D',pass
1043852,27643513311233,12706333,674,R D2 R2 D R2 D2 B2 D B2 D2 R',pass
1052607,31246753312211,10828991,627,R D2 R D R2 D' B' R2 D B R,pass
1053428,31247651113232,7794814,437,R B R2 D2 B D2 B R' D' B2 D',pass
1053617,31247651323232,9201822,506,R B' D2 B D' B D2 R' B2 R B2,pass
1055731,31256471231222,8724237,472,R B R B2 D B2 D2 B R' B2 D2,pass
1057414,31257462222221,10392390,596,R D2 R2 B2 D' R' B D' R2 D B',pass
1057470,31257462312311,8603082,457,R B2 R2 D2 B' D' R D' R2 D B',pass
1058428,31257643311122,9042670,504,R B D2 B' D B' R B2 R' D2 R,pass
1058790,31264572122213,8904410,500,R B D' R2 D' B D B R2 B2 R,pass
1059063,31264573132313,8566025,460,R B R B' D2 B R' D' B2 D2 R',pass
1059115,31264573222223,8797703,480,R B2 R D' B2 R B R2 D' B' D,pass
1059544,31264752132122,8856691,482,R B2 R D' R B' R' B2 R' B2 D2,pass
1059661,31264752313121,9428621,511,R B2 R B' D B' D' R2 D' B2 R2,pass
1059966,31265471111111,11202160,600,R B' D B2 D' B R' D R2 B2 D2,pass
1060002,31265471122112,7871647,421,R B D2 R D' B R2 B2 D' R D2,pass
1060004,31265471122133,9008452,474,R B2 D R' B D R2 B' R D' R',pass
1060140,31265471312213,8004160,425,R B R2 D' B2 D B D2 B' R2 B,pass
1060146,31265471313113,7432182,398,R B R B' D2 B D' B2 R D' R,pass
1060155,31265471321111,7004709,382,R B R2 B D' B D B2 R' D R',pass
1060369,31265472233321,11232806,594,R2 B R' D2 B' D R D' R D2 B2,pass
1060385,31265472312233,8003717,447,R B R2 D' B2 D R D2 R' D2 R,pass
1060856,31265741233331,11069787,585,R D R D' B D' R B2 R B R,pass
1062518,31267542222233,10353900,557,R B2 R D R' B R2 D' R D B',pass
1062578,31267542313133,11228005,601,R B' R D2 R' B D2 R' B2 R B2,pass
1064354,31275461112233,11410208,610,R B' D R2 B2 D2 R B' D R' B,pass
1064543,31275461322233,11521094,645,R B' D B2 R2 D2 B D' B D' R,pass
1064658,31275462133211,9617484,514,R B R2 B R' D2 R D2 R' B D',pass
1064712,31275462223211,9661077,521,R B R2 B D' R2 D R2 D' B D',pass
1064748,31275462311213,10134132,560,R B D2 B D' B2 D B2 D' B D',pass
1064757,31275462312212,10233290,566,R B D2 B R' D2 R B2 R' B D',pass
1064989,31275463311122,11006322,591,R B2 D' B D R D2 R2 B' R B,pass
1066120,31276452133322,7930706,422,R B R2 B' R D2 B2 R D' B D2,pass
1066227,31276452313313,9326613,493,R B' D R' B R2 D R' B' D' B2,pass
1071840,31452671323211,6595767,359,R B R D' B2 D B' D R B2 D2,pass
1071860,31452671332232,6993180,378,R B D' B D R D' R2 B R D',pass
1072079,31452672322331,7026579,388,R B D' B' D B2 D B2 R' B2 R,pass
1074064,31456722111221,8830233,466,R B D R B' D2 R2 D' B2 R' B,pass
1076733,31462751111111,9453663,509,R B D' R2 D B' R D B2 R2 D',pass
1076758,31462751113322,8125161,442,R B D' B' D R2 D B R2 B2 D',pass
1082039,31475261322233,8493589,457,R B2 R' D2 B2 R' B D B' D2 B,pass
1082301,31475262331313,10166628,541,R D2 R2 B2 D' B' R D' R2 D R',pass
1082317,31475262333221,8452679,444,R B2 R2 D2 B' D' B D' R2 D R',pass
1085464,31524673332122,11985959,661,R D' R' D' R B' D' B2 D' R' B,pass
1089109,31527643332122,7075539,402,R B R' B R B' R D' B2 D2 R,pass
1095291,31564272212111,13546400,760,R2 B D2 B2 R D' B' D B2 R B,pass
1095306,31564272213311,7858296,429,R B D R' D R2 D' B R' D R2,pass
1095468,31564273113311,8582700,518,R B D B' R B R2 B2 D' B' R,pass
1097912,31572461122133,8751457,478,R B R2 D2 B R2 B R D' B R2,pass
1102991,31624751112233,7446331,420,R B R2 D' R2 B D' B' D B' R2,pass
1103637,31624753312211,7302202,438,R B R D R D2 B R' B D2 R2,pass
1105523,31627452221333,11267528,684,R B' R' B R' D B2 D R' D B2,pass
1112884,31654272313322,12352992,708,R B' R B2 R D' R B' D2 B R2,pass
1130896,31754621331122,10863948,616,R2 B R2 B D2 R B D' B D' B',pass
1136224,31765242322121,10613406,655,R B' D B' D2 R B' R D R2 D,pass
1137240,32145671111111,14881759,887,R2 B' R B' D' B D2 B D R D',pass
1137293,32145671123333,8578745,484,R B2 R' B R2 D' R' D' B R' B',pass
1137307,32145671132222,8043922,440,R B2 R' D B' R2 D2 R' B' D2 B',pass
1137348,32145671221112,8626030,498,R B' R D2 B R2 B' R B' D2 B2,pass
1137482,32145671333333,8560094,515,R B2 D' B D R' B R' D2 R' D,pass
1137509,32145672113333,8065607,493,R B D2 B' D R2 B' D' B R2 B2,pass
1137577,32145672212222,8173617,451,R B D' R2 B2 D' R D B R2 D2,pass
1137739,32145673112222,7294733,426,R B R' B2 D2 R D' R' D B' R,pass
1137888,32145673311113,8331884,477,R B2 R D B' R D2 R' B2 D R2,pass
1139578,32146751232323,8284771,490,R B2 R D B2 D2 B' D R2 B' R',pass
1139818,32146752232223,10186820,574,R D R2 B' R B2 R' B D' R' B',pass
1140583,32147562313223,7304795,418,R B R D' R D2 R' B R' D B2,pass
1140638,32147562333233,13086659,733,R2 B R' B' D R D' R D2 R' B,pass
1140938,32147651123333,12766263,725,R B2 R D R D2 B D' R2 D' R,pass
1140952,32147651132222,11641438,745,R B R' B D' B2 R2 B R D B2,pass
1140992,32147651213333,13159844,765,R B' R D R' B D2 R2 B' R D2,pass
1141060,32147651312222,12118616,727,R B D R' D2 B2 D' R' B R2 D',pass
1141154,32147652113333,11797186,665,R B R B' D2 R2 D B D B' D2,pass
1141271,32147652231332,11434371,624,R B R D' B2 R2 B R D B' D2,pass
1141284,32147652233213,15073938,838,R D B2 R2 D2 B R B' D R' D',pass
1141351,32147652331322,12404128,667,R B2 R2 B' R' B R' D B' R B2,pass
1141356,32147652332213,14585920,806,R D R2 B2 D2 R D B' D B' D',pass
1141384,32147653112222,11878699,699,R B D B2 D2 R' B D' R D B2,pass
1143072,32156471111111,9527453,536,R B D' B D' B D2 B2 D R' B',pass
1143093,32156471113211,7576737,472,R B R' B D2 B' R B R2 D2 B2,pass
1143224,32156471232332,6978003,400,R B R' D' R D2 R B' R D2 R',pass
1143494,32156472312332,7367367,423,R B D' R B' D' R2 B2 D' R B',pass
1143542,32156472332132,7255575,397,R B D B' R B' R D2 R' D2 B,pass
1143547,32156472332321,7974539,460,R B2 R' D B2 D' R D2 B' D' R2,pass
1143557,32156472333332,8249457,454,R B2 R2 D2 R' D B D2 B2 R2 B',pass
1143685,32156473223123,6769261,364,R B R B' R B2 R' D2 B R' D,pass
1143817,32156741112323,13836063,788,R2 B R' B D R2 B' D R B2 R',pass
1144207,32156742311123,7453579,417,R B R D B2 R' B R' D' B2 D2,pass
1144228,32156742313223,8835648,547,R B2 D' B D' R D2 R D R' D2,pass
1144280,32156742333131,7481632,410,R B R B2 R B R' D B2 R D2,pass
1145410,32157641232323,8331780,466,R B2 R B' D2 R D B D2 R' D2,pass
1145644,32157642231323,8394938,474,R B D2 B R B' D2 R B D B',pass
1145988,32164571111111,10371296,565,R B' R D2 R' D2 B D' B' R' B,pass
1145993,32164571111231,7220516,390,R B D B' D2 R D2 R' B R' B,pass
1146139,32164571232323,7431350,414,R B R2 D' B R' B R B D' R2,pass
1146379,32164572232223,8850876,515,R B' R B' D R D' B D B' D',pass
1146381,32164572232313,8833270,497,R B' R D' R B2 D' R' B D2 B',pass
1146391,32164572233321,8622004,477,R B' D2 R B D2 B R2 B D' B2,pass
1146409,32164572312323,8319487,452,R B' R2 D B R2 B R2 B D' R2,pass
1146684,32164573323212,7869795,461,R B2 R B' D B2 D2 R B R2 B',pass
1148175,32165741111111,12456471,744,R D B' D B' D B2 D2 B R' B',pass
1148177,32165741111132,8025105,466,R B D2 B D' B' D R' D' R2 D,pass
1148332,32165741233223,7712167,438,R B2 R B2 D2 R' B D' B2 R2 D2,pass
1148499,32165742211112,10106218,551,R B' D2 R D' B' R D B' R D2,pass
1148634,32165742331112,7430547,435,R B R2 B R' D R' B' R' B R2,pass
1148825,32165743311131,7870442,479,R B R B2 D2 R2 B R' B2 R B',pass
1148904,32167451111111,10421304,617,R B' R B R' D2 R' D' R' B D2,pass
1149011,32167451213333,8300723,475,R B2 D' R' B D' R B2 D' B D',pass
1149025,32167451222222,7973753,438,R B D' B2 R D B2 D B2 D2 R,pass
1149079,32167451312222,7921998,434,R B R' D2 R' B2 R D2 R D B2,pass
1149138,32167451333111,7660644,441,R B D B2 R' B2 R B2 R2 D' B,pass
1149229,32167452211121,8193554,449,R B D2 R2 D R2 D' B D R2 B',pass
1149513,32167453222313,7068594,407,R B R D B2 R B2 R B' R2 D2,pass
1149578,32167453313333,8177438,464,R B D2 B' D' B2 R B' R' B2 D2,pass
1149584,32167453321232,8061174,445,R B D2 B R' B D2 R' B R B',pass
1150378,32174561112323,10107340,571,R B2 R' D' B R2 D' B' R B' R2,pass
1150506,32174561232113,10537982,606,R D R' D2 B R' B' R' D2 R2 B,pass
1150511,32174561232233,9313370,519,R B' R' D2 R' D' R2 D B D2 R',pass
1150743,32174562231212,8444255,474,R B R' D2 R' B D R B2 R2 B,pass
1151513,32174652312332,7237461,450,R B R2 B2 D' R D' R2 D' B2 D',pass
1151561,32174652332132,7384300,437,R B D B' R B' R D2 R' D2 B',pass
1151820,32175461111111,10689276,620,R B' R B2 R' D B' D R2 B2 D2,pass
1151838,32175461113112,7400863,432,R B D2 B R' B R B2 D' B R',pass
1151928,32175461221112,7652755,456,R B R2 D R' D R2 D2 B' R D2,pass
1152054,32175461333111,7898828,472,R B D R' B2 R D' B2 R B' R,pass
1152216,32175462233111,8337124,486,R B D2 R' B2 R B R2 B' D2 B,pass
1152241,32175462312323,11084518,609,R2 B R2 B' R D R2 D2 R B R',pass
1157440,32416753121222,13076244,732,R D R2 B' D' B2 D' B D R2 D,pass
1157920,32417562113321,12511179,737,R B' R D' B' D B2 D R D' B,pass
1158689,32417652132131,7719181,546,R B2 R' D B2 D B2 D2 R' D B',pass
1158931,32417653132121,6703817,446,R B R B2 D2 B' R' B2 R' B2 R,pass
1160299,32451762331121,6836932,376,R B R' B' D B2 D R2 B' R2 B,pass
1161152,32456173212332,8773185,486,R B D B D2 R B' D2 R2 B' D,pass
1161452,32456711233133,16591822,1006,R2 D B2 R2 D' B' R B' R B2 R,pass
1165195,32465172112121,8475128,501,R B2 R2 D2 R' B R D2 R2 B2 R',pass
1165250,32465172132131,6944819,411,R B R B' R D' B R2 B' D2 R,pass
1165258,32465172133121,7270978,460,R B R' D B' D' R2 B2 D' B R',pass
1165417,32465172332321,8134455,474,R B2 R' D R2 D' R D2 B' D' B2,pass
1165474,32465173123121,7625232,435,R B2 R D' R2 D' B2 R B2 R' D,pass
1165492,32465173132121,7846812,484,R B2 R2 D2 B R' B' D R' B R2,pass
1165500,32465173133111,8490570,514,R B2 D2 R2 B' D R' D R2 B' R,pass
1165585,32465173233221,9084240,515,R D R D' R D' B' R2 D2 B' R,pass
1169467,32475161232323,9270500,534,R B R2 D2 B R2 B R D' B R,pass
1170022,32475163331222,9523205,557,R B R' B2 D2 B R' B2 R' B2 R2,pass
1172138,32476513232231,8062027,481,R B' R D' B R2 B2 D2 B' R D,pass
1175694,32517463131311,13082889,780,R D2 R D R' D B' D2 B' D R',pass
1179489,32546713323212,8818094,539,R B D B D' R2 B2 R' B2 D' B,pass
1180278,32547611121113,8188931,466,R B D2 B2 D B' D B2 D2 B R',pass
1180305,32547611131112,7601646,436,R B R2 B2 R D' R B2 R2 B R',pass
1180350,32547611213111,7772823,456,R B R' B' D2 B' R2 B R' D' R,pass
1180422,32547611312111,8139637,478,R B D' R' D2 R' B2 R B' D' R,pass
1180500,32547612111311,7913408,482,R B R' D' B R2 B' R B D B2,pass
1180740,32547613111211,7770496,465,R B R D' B2 D R2 D R B' R',pass
1181000,32561471113133,8936872,504,R B' R B' D2 R D R2 B' R B',pass
1181013,32561471121311,8014239,473,R B D2 B' R B R D' B R' D2,pass
1181019,32561471122211,8664880,468,R B2 R' B2 R D' R' B D2 R D2,pass
1181037,32561471131211,8088621,476,R B2 R2 B R D' B' D B' D' R,pass
1181063,32561471211131,10251154,618,R D2 R2 B' R' B R' D2 R B' D2,pass
1181143,32561471311121,8200485,508,R B2 R2 B R' B D R' B D R,pass
1181301,32561472133313,7776225,477,R B R' D2 B2 R' B D R B2 D2,pass
1181323,32561472213122,7746994,462,R B R2 B' D R2 B' D' R B2 R2,pass
1181587,32561473222223,7336016,419,R B R B' D2 B R' D' B2 D2 R2,pass
1181676,32561473323212,7437716,435,R B R2 B' D B' D2 R2 B' R' B2,pass
1184908,32567412122222,8540672,535,R B R2 D' R B R B2 R2 D' R,pass
1184928,32567412131312,10572865,636,R B' D R' B2 D2 R D R' D B2,pass
1184988,32567412222212,12993266,774,R D' R2 D' R B R B2 R2 B R,pass
1185168,32567413131212,8389296,497,R B R2 B2 R' D' B2 R D2 R' D2,pass
1185191,32567413133333,10279107,576,R B' D B' D2 R2 B D B' R B2,pass
1188697,32576142313223,8381170,457,R B2 R' D R2 D' R D2 B' D' B,pass
1191898,32615473332122,8638437,520,R D R2 B' D2 B' D R' B2 D2 B,pass
1197334,32647152133121,9844111,570,R D2 R' D2 R' B D' B2 R2 B' R,pass
1197568,32647153132121,6753564,386,R B R' D2 B2 D B2 D B2 R D,pass
1198229,32647512333233,13695533,788,R2 B2 R' D' B' R D2 R B2 R' B2,pass
1201908,32657143121213,10314285,602,R B R B' D B' D R' D B2 R,pass
1202367,32657412111212,10136098,605,R B R D2 R B D B2 R' B R,pass
1203387,32671453123313,10613436,648,R B2 R2 D2 B' R2 B' D' B D' B',pass
1204577,32674152113333,12259128,762,R D2 R2 D B2 D2 R2 D' B2 D2 R,pass
1208423,32714652332132,7815258,472,R B R D2 R' D R2 B' R2 B D',pass
1210431,32716452123212,11695058,637,R B' R D' B' D B2 D R D' B2,pass
1212360,32741651121311,10714560,666,R D2 R' B R D B' R D' R2 B,pass
1212384,32741651131211,8470139,515,R B2 R' D R B R' D R' D2 B,pass
1212410,32741651211131,7884878,483,R B R' D' B D2 R' D2 R' B R',pass
1212490,32741651311121,8197302,495,R B D' R2 D' B2 R B' D' B R',pass
1212570,32741652111113,8640245,500,R B2 D B' R D' R2 D R' B' R,pass
1212813,32741653111112,8630980,487,R B2 R2 D2 B D' B R' D2 R D',pass
1213919,32745611223332,7538243,467,R B R2 D B2 R' D' R' B2 R' D',pass
1214215,32745612313322,8778214,536,R B R2 D B2 R' D' B' D2 B' R',pass
1214234,32745612322331,7348712,422,R B R B2 R D B' D2 B' R' D2,pass
1217381,32751643321232,9077505,544,R B D B' R2 D2 B R' D' R D2,pass
1217998,32754163211123,7812020,456,R B R2 D B' R2 B' R' B R2 D',pass
1219042,32756141233121,9287128,554,R B2 R2 B D2 B R2 D' B D2 B2,pass
1220622,32761452121313,8625109,480,R B R' B2 D R2 D' B D' R2 D',pass
1220629,32761452122222,9166260,527,R B2 R' B2 D B R2 B2 R' B' D2,pass
1220709,32761452222212,8590677,510,R B D2 R' D' R2 D B D2 B D',pass
1220865,32761453121312,12022737,674,R D' B2 R B D2 B' R' B2 R' B',pass
1220912,32761453133333,8782871,537,R B D2 B2 D R D R' B2 R' B,pass
1224004,32765411112221,8520990,490,R B2 R' B R' B2 D2 B D' B R2,pass
1224018,32765411121113,7729872,444,R B R2 B' R D R2 D2 B D' R2,pass
1224045,32765411131112,7373247,432,R B R D2 B2 D B D' B2 D' R2,pass
1224063,32765411133113,8062099,466,R B2 R' B R D' R2 B2 R B2 R,pass
1224207,32765411331113,8054504,463,R B2 R' D R D' R2 B2 R D2 R,pass
1224348,32765412221312,7661536,450,R B D' B' R B' D' B R2 D' R2,pass
1224445,32765412323222,7965015,451,R B D2 B2 D' B' R2 D R D2 B',pass
1224516,32765413122212,7315542,421,R B R' D' B R' D' R B2 D' R2,pass
1224609,32765413223312,7264427,414,R B2 R D R2 D2 B D' R D2 R',pass
1224616,32765413231223,8637101,492,R B2 D' R' B D2 B D B2 R2 B,pass
1224681,32765413322312,7178689,405,R B2 R B D2 B2 R B' R B2 R',pass
1225020,34125672131213,8252572,465,R B R2 B D R2 D' R' D2 B D',pass
1225023,34125672131312,9178610,520,R B2 R' B2 D B D2 B2 D' R' D2,pass
1225075,34125672221222,8603529,552,R B R2 D2 R' D' B' D B2 R' D,pass
1225286,34125673133333,9433118,538,R B2 R' D2 B D R2 D2 R' D' R2,pass
1228392,34127651121113,7701593,444,R B R2 B' R D' B R2 D2 B2 D,pass
1228419,34127651131112,7608339,418,R B R B' R D' R2 B2 D R' B,pass
1228464,34127651213111,7819042,444,R B R' B' D2 B' R2 B R' D' R',pass
1228536,34127651312111,8167811,493,R B D' R' D2 R' B2 R B' D' R',pass
1228614,34127652111311,7674588,433,R B R2 D2 R' D2 R' B D2 B' D',pass
1228854,34127653111211,7736121,441,R B R D' B2 D R2 D R B' R,pass
1234506,34162752132212,15729178,946,R2 B D R' B D' R D' R D2 B,pass
1234938,34165271112212,9406495,555,R B' D2 B' R B2 D2 R D' B2 R,pass
1234959,34165271121311,8699976,481,R B2 D' R' D2 B D B2 D2 B' R',pass
1234983,34165271131211,8148759,467,R B2 R B' D R D2 B2 D B D2,pass
1235009,34165271211131,10010439,551,R D B' D B R D' R2 D R' D2,pass
1235089,34165271311121,7646424,431,R B R' D R D B' R2 B R' D2,pass
1235090,34165271311133,8415303,530,R B2 R B2 R2 D' B D R' D2 R,pass
1235384,34165272323333,7844945,439,R B R2 D2 R D2 R' B D B2 R',pass
1235490,34165273133312,9835999,529,R D B' R2 B' R' B2 R D' R2 D2,pass
1235536,34165273222322,7040515,416,R B R2 B R2 D2 B R' B' D B2,pass
1235576,34165273311131,7731065,475,R B R D2 B' D' R B' D R2 B,pass
1236733,34167252213323,8979326,509,R B R' D' R B D2 R2 B2 D R,pass
1238156,34172562132332,8880541,481,R B2 R D' B D' B' R2 B' R2 D2,pass
1238273,34172562313331,9504882,508,R B2 R B' R B' D' R2 D' R2 B2,pass
1239980,34175263321232,9121658,511,R B2 R' B D2 R' B D B D' R2,pass
1244017,34216572213122,12273967,680,R D2 R2 D R2 D2 B2 D' R2 D2 B,pass
1251272,34261572132131,6896659,379,R B R B' R D' B R2 B' D2 R',pass
1251280,34261572133121,7239124,406,R B R' B' R2 D2 B' D B R' D,pass
1251496,34261573123121,7397815,396,R B D' R' B D' R B2 D' R' B2,pass
1253486,34265712212132,11511492,609,R D R2 D2 R' D R2 B' R2 B R,pass
1256970,34275161312213,8622488,449,R B R B2 R D' B' R B' R2 B',pass
1257055,34275162112322,8299171,458,R B D2 B' R B2 D2 R B' R D2,pass
1257142,34275162213221,9122468,539,R B' R B' R2 B' R' D' R D2 B,pass
1261170,34516271111111,8924574,516,R B D B' D2 B' D' R' B R2 D',pass
1261592,34516272312332,9757336,524,R D2 R' B2 R' B D' R2 B2 R' B,pass
1262326,34516722313223,10944619,567,R D2 R D B2 D' B' D2 R B R,pass
1263742,34517622231323,9147369,475,R B2 D2 R D2 R B' R' B' D2 B',pass
1264460,34521672223232,8467689,448,R B2 D R' B D' R2 D B' R' B,pass
1266909,34526713232312,7807946,411,R B R2 D' R' B' R B2 R B D,pass
1268062,34527612211322,12867439,670,R B2 R2 B' D R' B R' D B R2,pass
1268110,34527612231122,12527051,671,R B D2 B2 D' R B2 D R2 D2 R',pass
1268117,34527612231332,13738860,739,R B' D R2 D2 B' D B' R' D B2,pass
1268197,34527612331322,12521787,710,R B2 R2 B D R' D R' D R' D2,pass
1268390,34527613312133,12749848,686,R B2 R2 B' D2 R' D B2 D2 B' R',pass
1268740,34561272122123,11919114,650,R B D R' B2 D2 B D B R' D2,pass
1268746,34561272122321,12442697,688,R B2 R2 B' D' B R' D R' B R2,pass
1268796,34561272212213,15116166,796,R D B2 R2 D2 B R D' B R' D',pass
1268803,34561272213122,12367517,658,R B D B' D2 R2 D R B R' D2,pass
1268850,34561272232211,14609937,774,R D R2 B2 D2 R D R' D B' D',pass
1269059,34561273221233,11813614,629,R B R' D R' D2 B2 D R D R2,pass
1269101,34561273233131,11700908,644,R B R' B' D B R2 B2 D2 B R',pass
1269113,34561273311233,12260389,653,R B D B' R2 D2 R' D' R B2 D',pass
1269133,34561273313321,13979545,738,R B' R' D2 B' R D' B2 R2 B' R,pass
1269137,34561273321133,12749538,677,R B2 R2 B D2 R' B R2 B2 R' B',pass
1269139,34561273321223,11986391,639,R B D R2 D2 B' R B' R D R2,pass
1269189,34561721111111,9670099,533,R B2 R' D' R' D B2 R D' R D',pass
1270107,34562171321111,7796284,415,R B2 R B R' B2 D2 R D2 R' D',pass
1270112,34562171321231,7613063,407,R B R B' D2 R D2 R' B R' B',pass
1270311,34562172232313,10059711,538,R D R2 B' R D2 R' B D' B' R',pass
1272479,34567212223232,9867327,526,R D R2 D' B R B2 D' R' D B,pass
1280370,34617252111212,10821872,567,R B R D2 R B D B2 R' B R',pass
1280415,34617252123212,10720648,570,R B R B R2 D2 R' D' R2 B' D2,pass
1280433,34617252132212,11451924,638,R B2 R' B' R B' D B2 D B' R,pass
1281212,34617522221333,10198315,551,R B2 R' D B' R' B R' B2 R B2,pass
1281890,34621572132131,8069336,430,R B D R2 D' R D2 B' R2 B D',pass
1283286,34625172111212,11585526,614,R B' R B2 R D' R B' D2 B R',pass
1285620,34627512232313,8153847,457,R B D B2 R D2 R B' R B2 D2,pass
1286001,34651271123111,7962498,507,R B2 D' R B D R2 D R' B' D',pass
1286426,34651272332132,7600390,418,R B2 R' D R2 D B2 D2 R' D R',pass
1294336,34675212222122,11840566,638,R B' D R' B2 D B' D B D2 B,pass
1296514,34715262221123,11631217,629,R B' D' R B' D R2 D R' D R2,pass
1298721,34716522223211,10347770,541,R B2 D' R2 B D' B R' D B' D,pass
1300083,34721652121313,11097616,620,R D B2 D2 B' D' B2 R B2 R' B2,pass
1300107,34721652131213,10053510,561,R B' R B R' D' B D B' D R2,pass
1300162,34721652221222,11239017,599,R D B2 D2 B' D' R2 B R2 B' R2,pass
1300170,34721652222212,10561756,572,R B' D R D' R' D R B' D B2,pass
1300533,34721653333313,9923092,528,R B' R2 B' D B D R2 D2 R B,pass
1301358,34725611212211,8800868,489,R B2 D2 B D2 B R' D R2 D' R,pass
1301508,34725612111113,7579604,410,R B R2 D' R' D R' D2 B D B,pass
1301542,34725612121322,8764781,464,R B2 D' R D R' D B' D2 B' R,pass
1301646,34725612231212,8785771,481,R B2 D2 B R D2 R D R2 D' B,pass
1301651,34725612231332,7703160,411,R B D2 B' R D2 B' D' B D2 B2,pass
1301711,34725612322232,8230214,452,R B2 R2 B R' D R B' R D B,pass
1301731,34725612331322,8129237,464,R B2 R' D B2 R' D' R' D R' B',pass
1301751,34725613111112,8330047,466,R B2 R2 D2 B' D R' D R2 D' B,pass
1301753,34725613111133,8085610,437,R B R2 B' D B2 D' B R D2 B2,pass
1301818,34725613132223,8132278,442,R B2 R2 D R D2 R B' D' R2 B,pass
1301913,34725613311113,8109068,437,R B D R B2 D2 R2 D B2 D' B,pass
1308280,34761252323222,7673228,421,R B R B' D2 B R2 B D R' B,pass
1314534,35126741232212,9725737,521,R B2 D2 B' R B' R2 D' B D' R2,pass
1314770,35126742231233,9692403,516,R B2 D2 B' D B' R2 D' R D' R2,pass
1315583,35127462331331,10212236,553,R B' R D' B2 R D' B D R2 D,pass
1321232,35162472122231,7739796,420,R B R' D2 R' B D2 B2 D' B2 R,pass
1321241,35162472123233,9898487,537,R B' R2 D R' D' R B D' B D2,pass
1321474,35162473122221,7613236,412,R B D B2 R2 B' D' B' D R2 D2,pass
1321643,35162473323131,7748226,411,R B R' D B2 R' B' R D' R2 B',pass
1321660,35162473332122,8608511,456,R B' R B2 R D R D' R D2 R',pass
1321661,35162473332131,7674690,404,R B D2 R' D' R D R2 B2 D2 R',pass
1322026,35162742213323,9982635,523,R B R' B D R2 B2 D' R2 D B,pass
1324173,35167242132212,9755713,522,R B R2 B R D' B2 D' R' B2 D2,pass
1325473,35172461232323,9262473,515,R B R2 D' B' D2 B' R' B2 D B,pass
1327124,35174262213131,11617642,638,R B' D B2 D' R D2 B' R2 B R2,pass
1327158,35174262231113,10227437,641,R B2 R D B' R B2 D' R D R',pass
1335528,35246171111111,8640898,493,R B R B2 R D' B' R B' R2 B2,pass
1335553,35246171113322,7508233,411,R B R' B D2 B2 D B R2 B D',pass
1335876,35246172213311,8365650,449,R B2 R' D B2 D' R D2 B' D' R,pass
1341491,35267141223233,7081349,389,R B D B' R' B' D R D' R D2,pass
1341551,35267141321132,14791976,809,R' B D R' B2 R D' B R D2 B2,pass
1343021,35271461322233,7674960,417,R B R2 D2 B2 D' B' R' B R2 D',pass
1349397,35416721113112,7663174,426,R B2 R D B' R2 D2 B R2 B' D',pass
1350012,35416723232213,10354979,566,R D R' D' B' D' R2 B D' B2 D,pass
1351208,35417622223133,11219259,622,R D R2 D' R B' R B2 R' B2 R,pass
1354052,35426712131132,8585512,469,R B2 R2 D B' R D' R2 D R2 B2,pass
1354164,35426712311312,7600135,435,R B R2 B D2 B D' R' B R2 B,pass
1354245,35426713111313,9107720,508,R B2 R B2 R2 D B' R B2 R D2,pass
1354293,35426713131113,8252060,449,R B R B2 D' R B R' B D' B',pass
1354413,35426713312211,8701595,476,R B2 D' R D' R D2 R B R' D2,pass
1355945,35461271111231,8922982,503,R B' D2 B R' D R2 B' D2 B R2,pass
1356134,35461271321231,7602925,416,R B R2 D2 B R2 B R' D' R2 D',pass
1356307,35461272222323,7893976,431,R B R2 B R B' R2 D B D R',pass
1357458,35462171131313,8447856,467,R B R D2 B2 D' B' R2 B' D2 B2,pass
1357489,35462171212121,8847482,479,R B D B2 R' B2 D B R2 B R',pass
1357510,35462171221223,7277256,390,R B R D B D' B' D B2 R' B,pass
1357631,35462171332331,8154619,431,R B2 R' B R' B' R B D2 B D2,pass
1357746,35462172213311,8708249,465,R B2 D' R B' D R2 D R B' D2,pass
1357775,35462172223331,7945931,421,R B D R B2 D' R B' D' R2 D2,pass
1357814,35462172312131,7703893,404,R B R' B2 D' B R D R2 D2 R,pass
1357932,35462173123211,8088545,431,R B D2 B R2 B R' D' R D2 R,pass
1357944,35462173131311,9030897,487,R B2 R D2 R2 B D' B R2 B D2,pass
1357996,35462173221221,8692172,458,R B' R' D' B2 R B R B' D' B,pass
1358575,35462712322322,9699430,507,R B2 R2 B R2 B' D2 R B' D2 B2,pass
1362381,35472163222313,7917678,430,R B D2 R' B D R2 D R' B' D,pass
1362400,35472163231322,8773005,466,R B2 R' B D2 R' B D B D' R',pass
1363581,35476122221111,8992703,482,R B R' D B2 R' B R' B2 D2 R,pass
1367312,35614722321233,9379208,512,R B2 D2 R D2 R B' R' B' D2 B2,pass
1368881,35617423131332,8545598,452,R B2 R2 D2 B' R' B D' B2 D B',pass
1371524,35624712121232,12140925,640,R B R2 B D2 R' D B D2 B R2,pass
1371684,35624712321212,14133540,769,R B' D R2 D2 B' D B' R' D B,pass
1371689,35624712321332,11882294,622,R B R' B R2 D R' B2 R' B R',pass
1371713,35624712331232,11978912,624,R B R' D B' R2 D B' R B D2,pass
1384864,35714623111322,10344653,551,R B D' B2 R2 B' R' D B' D R',pass
1387641,35721642221213,15908826,850,R2 B D' R B' D' R D2 R D R',pass
1397124,35762142222113,9568300,513,R B2 D2 B' D R' D2 B' R D' B2,pass
1401146,36125471111333,8218330,450,R B D' B D' B2 D' B D R B2,pass
1401228,36125471212112,11630026,620,R2 B R B2 R B' D B2 D R2 B,pass
1401237,36125471213111,7513728,404,R B R2 B2 R' D R2 B' D' B2 R,pass
1401255,36125471222111,11837396,692,R2 B R2 D B2 D B' R D2 R B,pass
1401309,36125471312111,7900564,425,R B D2 B2 D' B R2 D' B' D2 R,pass
1401387,36125472111311,7482624,411,R B R2 B2 R' D' B2 R B D2 R',pass
1401412,36125472121223,7174762,394,R B R' B' R D' R' B R2 D' B2,pass
1401627,36125473111211,8045919,477,R B D2 B2 D' B' D2 R D B2 R',pass
1401772,36125473232222,8799744,482,R B2 D' B' R D2 R B R2 D2 R,pass
1401836,36125473323233,8509892,466,R B2 R' D B' R2 D2 R D' R B2,pass
1402478,36125743222331,13673778,758,R2 D B' D' B' R D2 B' R B2 R',pass
1402834,36127451333222,7382326,426,R B R B D' B2 R' D B D B,pass
1405795,36145272122222,10016464,616,R B' R B' D2 R2 B D R' D R2,pass
1405812,36145272131213,13026495,731,R D' R2 D' B R B R2 B2 R B,pass
1405815,36145272131312,8905691,495,R B D2 R' D B R B2 R2 D' B,pass
1406238,36145273333313,10256567,559,R B' R' D R2 D2 R D' B' D R2,pass
1407003,36147251121311,8460649,469,R B2 R2 D2 B R' D B' D2 B D,pass
1407027,36147251131211,8865085,486,R B2 D2 R' B R B2 R2 D B D,pass
1407053,36147251211131,9221972,506,R B' D R D2 B' D R' D R2 D',pass
1407133,36147251311121,7719617,418,R B R2 B' D B2 D R2 D2 B' D,pass
1407213,36147252111113,9863112,535,R D R2 D' R B R2 D' R' D R,pass
1407456,36147253111112,8279523,486,R B D2 B' R B R2 D' R' B R,pass
1409298,36152741231312,10939474,588,R B' D' R D2 B' R D' B' D2 B',pass
1409461,36152742131321,9651755,520,R B2 R2 B D2 B' R2 D R' D2 R2,pass
1413119,36172452133133,11570130,650,R D R2 D2 R' D B2 R' B2 R B,pass
1420397,36217452131333,11224430,611,R B' R B' D2 R D' B R D2 R,pass
1420953,36217541223311,6608440,374,R B R2 B' D B R2 B2 R B D',pass
1421406,36217543213112,6962237,376,R B D' R2 B' D R B' D R2 B2,pass
1422134,36241573212332,7282422,391,R B R2 B2 D B' D' B R2 D B,pass
1422861,36241753212311,8450156,457,R B' R2 B' R D2 R D2 B R B2,pass
1436421,36415272123212,10413726,553,R B D R2 D B D R2 B' R B,pass
1438611,36417522123311,9354562,498,R B R' B2 D' R B D' B2 R2 D2,pass
1453959,36514272212111,12977629,706,R2 B R D' R D B2 D2 R' D' R,pass
1456810,36521472113321,9137183,499,R B D2 R B2 D' B' R' D2 R' B',pass
1457002,36521472331121,7695378,416,R B D R2 B' D' R2 D' B R B2,pass
1460243,36527411131133,7758016,417,R B R2 D2 B' D2 B D' B' R D2,pass
1460430,36527412111113,7643359,426,R B R2 D' R' D R' D2 B D B',pass
1460488,36527412131222,8975443,495,R B' R' D R' B' R D2 B' D2 B,pass
1460518,36527412211322,9057365,488,R B2 D' B' R D' R B2 D' B R',pass
1460544,36527412221312,7866747,431,R B D2 B' R' B2 D R' D' B2 R2,pass
1460566,36527412231122,7950939,475,R B R2 D' R2 D R D2 B' R2 D',pass
1460633,36527412322232,8078244,449,R B D' B D R D' R2 D B' R2,pass
1460673,36527413111112,8064542,449,R B D2 B' R B R2 D' R' B R',pass
1460841,36527413311311,7556318,427,R B R B D2 R B2 R B' D2 R2,pass
1461370,36541272323222,7590451,423,R B R B' D2 B R2 B D R' B',pass
1463380,36542712121322,11757470,657,R B2 R D2 R2 D' B2 R B2 R2 D',pass
1464837,36547212121313,9916162,569,R B' R D2 B' D2 B R' B D2 B',pass
1464844,36547212122222,10507492,573,R D R2 D2 R D R B' R2 B' R,pass
1464864,36547212131312,10558041,575,R D R2 D2 R D B R' B2 R' B,pass
1464916,36547212221222,10016646,554,R B' R2 D2 R D R B' R2 D R,pass
1465271,36547213331333,9026856,510,R B2 R' B D' R2 D B2 R' D R',pass
1470663,36712542121112,12233793,667,R B R' D2 B2 D B R D' R' B,pass
1470664,36712542121121,11461175,644,R B R2 B R B2 D B2 D2 B' D',pass
1470666,36712542121211,13486676,760,R B' R B2 R2 D' R B' R' D R,pass
1470672,36712542122111,12083250,656,R B D' R B' R2 D R' D R D2,pass
1471513,36714252232223,7887984,424,R B R B2 D B2 D R' B R2 D2,pass
1471995,36714521232113,10888840,587,R D B' D2 R D' B' D' B2 D2 R,pass
1472128,36714522121322,10824816,588,R D B' D2 B' D R D R2 D2 R,pass
1472133,36714522122213,8772413,465,R B D' B2 D' B R D R2 D2 R,pass
1472404,36714523132223,8921585,480,R B2 R B' D2 R B D2 R' B' D,pass
1472407,36714523132322,8751383,512,R B2 R B D' R B R B2 D B2,pass
1474100,36721451131331,7696276,428,R B D' B D' B2 R2 D B D R',pass
1474315,36721452121322,8805537,467,R B2 D' B R D' B R' D2 R' B,pass
1474318,36721452122123,7338912,398,R B R2 B' R B2 D' B' R D2 R2,pass
1474320,36721452122213,8800029,493,R B2 D2 B R B2 R D R2 D' R,pass
1474324,36721452122321,8222743,437,R B2 R' D R2 B' D' R' D B' R',pass
1474335,36721452131111,8135538,437,R B2 R2 B D' B D B' R D R,pass
1474412,36721452223232,7873408,425,R B D2 R' D' R D' R2 B D R,pass
1474542,36721453113113,8555138,451,R B' R D' B2 R D R2 B' R D',pass
1474551,36721453121111,10394653,552,R D2 R2 B' D' B R' D2 R D' B2,pass
1477713,36725411121212,12995473,683,R B R2 B D B2 D2 B' R' D R',pass
1477743,36725411131313,13035463,696,R B R2 D B' R2 B' D B' D R2,pass
1477774,36725411212121,13074217,710,R B R2 B D R' D B' R' D2 R2,pass
1477865,36725411313131,13127421,694,R B R2 B2 R' D' R2 D' B' R B',pass
1477929,36725412111212,14076746,750,R B2 R D R' B R' B R2 B2 R',pass
1477953,36725412121112,13006999,690,R B R2 B R D' R B' R' D2 R2,pass
1477956,36725412121211,13394024,733,R B2 R B D' R B' D R2 D2 R',pass
1477958,36725412121232,13073967,711,R B R2 B R B2 R2 B' D' R B',pass
1477974,36725412123212,13848870,735,R B2 R D B' R B' R B2 R2 B',pass
1478118,36725412321212,13621449,720,R B2 R B R' B R' D B2 D2 B',pass
1478175,36725413111313,15003071,802,R B' R2 B' D' B R' B R' D2 R2,pass
1478223,36725413131113,13484468,717,R B D2 R B' D2 B' D R' D R2,pass
1478229,36725413131311,15755272,843,R B' D2 B' D' B D' B R' D2 R2,pass
1478692,36741252122123,13170629,701,R B' R B2 R2 D' R B' R' D R2,pass
1478698,36741252122321,12299223,650,R B2 R2 B R B' R D' R B' D2,pass
1478699,36741252122333,11877294,634,R B R2 B2 R' B R2 D B2 D2 B',pass
1478707,36741252123323,12714016,680,R B2 R2 B' R D' B R' D R B2,pass
1479053,36741253233131,12537444,689,R B2 R2 B R' D B' D R' B D2,pass
1482142,36745211211221,7168373,391,R B R2 B D' B R2 D' R B R',pass
1482331,36745212121223,7478698,403,R B R2 B' R' D2 B R' D' R2 B2,pass
1482342,36745212122312,9345701,508,R B' D' B D' B' D B2 R' D2 R,pass
1482344,36745212122333,7942417,425,R B R D' R2 B D' B2 D B2 D2,pass
1482352,36745212123323,8925785,486,R B2 D' R' D B' R B2 D' R B',pass
1482354,36745212131111,7504944,403,R B R' B D B D' R2 D R' B2,pass
1482431,36745212223232,7883845,427,R B D2 R' D' R D' R2 B D R',pass
1482570,36745213121111,9680296,531,R D R' B D R B' D2 B R' B2,pass
1482599,36745213131131,7362294,398,R B R B2 D' B' R B' R B2 D,pass
1482615,36745213133111,8077931,443,R B2 R D2 R2 B' R B R' D2 R,pass
1482690,36745213232213,7706865,410,R B R D' R D2 R' B2 D R' D,pass
1483396,36751243222322,8073993,432,R B D B2 D B' D' R' D2 B D,pass
1484525,36752142122132,8613475,456,R B2 R2 D R' B D' R2 D B2 R2,pass
1484536,36752142123221,8067387,432,R B D2 B D2 B D' B' R B2 R,pass
1484798,36752143132232,7174752,389,R B R B D B' D' B D2 R' B,pass
1484806,36752143133222,8737007,468,R B' R' B' R2 D B D R' D' B,pass
1484813,36752143211132,8152247,433,R B D' B D2 R' B' D R' B2 R2,pass
1486336,36754123232222,14012634,731,R B' D B2 D' B R' B D R' B2,pass
1512689,37246511112233,9881168,532,R D R' D' B D2 B D R2 D2 B',pass
1516757,37256142321233,9292579,497,R B D' R B2 D' R B' R2 D2 B,pass
1524820,37415622333221,10459808,576,R D2 R' D B R D' R2 B D' R',pass
1530726,37426513132313,12003268,633,R B R2 B' R2 B D' R2 D' B D2,pass
1532814,37452162323312,8634101,464,R B R D B' D2 R2 D' R2 B' R,pass
1543776,37516422333311,8197956,441,R B D R2 D2 R D' B R' D B,pass
1552932,37561241311112,7963488,448,R B2 D' R B' D' R D2 R B D',pass
1557671,37612453122233,8075220,432,R B R' B2 D B' R' B' D R2 D',pass
1558224,37612542221111,9479158,507,R B2 D2 R B2 R B' D' R' D2 R2,pass
1558954,37614252221123,10314242,570,R B2 R' D R' B' R B' R2 B R2,pass
1559331,37614521111111,10855457,570,R B' D R2 D' R2 B D' R' D' R,pass
1559543,37614521323232,7073454,407,R B D R' B2 D R2 D' R D' B,pass
1559578,37614522111221,8018320,432,R B2 R B' R D' B' D R2 D' B,pass
1559599,37614522113321,9112877,478,R B' R2 D2 B' D B' D2 R B' D2,pass
1559761,37614522313322,9497760,527,R B' D2 R2 B' R B' R2 D R' D2,pass
1559787,37614522323312,7961178,430,R B2 R B' D R' B' D R2 D' R,pass
1559964,37614523232213,8970034,472,R B' R D' B R D' B R B' D',pass
1560814,37615421113322,10014861,538,R B2 R' D B' R B' D R' D2 R2,pass
1561115,37615422211133,9953798,524,R B2 R D' R B' D R' B' D2 B2,pass
1561160,37615422223133,10086664,541,R B2 R D' B D' R D' R' D2 R2,pass
1561213,37615422313121,9382054,501,R B R B' D2 R' B R' B D' B',pass
1561220,37615422313331,10073008,543,R B D B' D2 R' D R' B D' R',pass
1561304,37615423121132,10645391,561,R B2 R2 B' D B2 R' D2 R D2 B',pass
1563384,37624152311213,10320875,549,R B2 D' B2 R D' R B' R B' D,pass
1563854,37624511232233,9333410,508,R B' R' B2 R' B' D2 B D B2 R',pass
1563982,37624512121322,10775871,573,R D B' R2 B' R B D B2 D2 B,pass
1564086,37624512231212,8328947,438,R B R' B2 R' D B D B2 D2 B,pass
1564252,37624513131323,8875645,491,R B D R B2 D2 R2 D B2 D' B2,pass
1564332,37624513231313,8654655,462,R B R2 B' D B2 D' B R D2 B',pass
1566259,37641252222323,9174009,491,R B2 D2 R B2 R B' D' R' D2 R',pass
1567698,37642152213311,10779753,571,R D2 R B R2 B' R' D2 B R B,pass
1568605,37642513122221,9270322,497,R B2 R' B D' B D2 B2 R2 D' R',pass
1569226,37645122312221,7826822,413,R B R D2 R2 D R' B R' D R,pass
1570592,37651242211133,11168264,597,R D R2 D' B R' B R2 B' R2 B,pass
1571415,37651422312311,10506599,568,R D2 R' B D R D' R2 B D' B',pass
1571747,37652141113232,7574279,404,R B R D' B2 R D2 R' D R' B',pass
1572352,37652143231322,8553712,455,R B2 R D' B2 R2 B' R D R2 D,pass
1574320,37654212311222,9861472,532,R B D' B2 R' B R D' R2 B2 D2,pass
1577464,41236753232321,8351565,441,R B' R' B R' D2 B' D R D B2,pass
1577738,41237561313131,11748572,615,R B2 D2 B' D B' R B2 R' D2 R,pass
1584292,41263751312222,12697037,677,R D2 R2 D B2 D2 R2 D R2 D2 B',pass
1592229,41325671212211,8530822,464,R B D2 B' R2 D R' D2 R B D',pass
1593292,41325762313223,7927603,426,R B D2 B2 R2 D' R' B R' B D2,pass
1593410,41325763131233,7584055,408,R B R B2 D2 R' B D' R' B2 D2,pass
1596600,41352671212112,11826226,620,R B R' B' D B' D2 R2 D R' B,pass
1596601,41352671212121,12195530,644,R B R' D B2 D2 R' D B' R' B,pass
1596627,41352671222111,12265643,652,R B D' R' D B' R2 D2 R D' B,pass
1600578,41357622313112,6803168,358,R B D B' D2 B R' B R B2 D2,pass
1604288,41367253111133,11175158,598,R B' R2 B R2 B2 R B2 D B2 D',pass
1614432,41532672313211,15026339,801,R2 B' R D R' D2 R' D' B' D B2,pass
1614890,41532761233133,9985377,537,R B D2 B2 D' R D2 B' R2 B D,pass
1620348,41563273113311,8952420,496,R B R2 B2 D R' D' B D2 R B,pass
1626736,41576322212222,11023198,590,R B D B' D2 B R' D B R' B2,pass
1629012,41625372313211,23800363,1291,R' D R' B D B2 R' D B D2 B',pass
1629102,41625373121213,8370980,441,R B R D2 R' D' R2 B D' R' D',pass
1629437,41625731222231,9731455,519,R B D' B' D2 B' R' D2 B R2 B',pass
1633780,41635721212121,14279182,767,R D2 R' D' R D' B R2 B D' B,pass
1639644,41657321222312,8954282,466,R B R' B R' D B2 D R' D B2,pass
1642045,41673252212222,11634974,635,R B D2 B' R2 B' R B D' R D2,pass
1642437,41673521111111,9487256,510,R B D' R2 D B' R D' B2 R2 D2,pass
1645050,41723562313211,9063041,483,R B R' B R2 D R' D' B' D2 B',pass
1646226,41725361232113,10238722,537,R B R' B2 D2 B D R D' R2 B,pass
1646274,41725361321213,12350331,658,R D B2 R2 D' R' D R' B R2 B,pass
1646436,41725362221213,10570708,552,R B2 D' R2 D B2 R' D B2 D2 B',pass
1646508,41725362313211,11439261,601,R B R2 B D2 B2 R2 B R2 B' D',pass
1646509,41725362313223,11479846,618,R D B2 R' B R B2 D2 R D' R',pass
1646599,41725363121222,9849108,530,R B D' R D' R B2 D B' R' B',pass
1646600,41725363121231,9428801,499,R B R2 D2 B' R' B D' B R2 B,pass
1646811,41725631111111,11312984,598,R B' D' R' D R2 B' D2 B D' B,pass
1646893,41725631211122,8791073,464,R B2 R' D R' D2 B2 R' D' R2 B',pass
1647260,41725632322331,7688083,411,R B2 R' B D2 B' R D2 B' R' B2,pass
1647299,41725633111133,8315665,463,R B D R' D B2 D' B2 R B' R,pass
1647325,41725633121123,8016501,437,R B2 R B' D R D2 B' R B D,pass
1647378,41725633211111,9173723,533,R B' D B' D2 B R2 D' R D B,pass
1647970,41726352313322,8727387,465,R B R2 D2 B R' B' R' D2 R2 B',pass
1648688,41726532312233,10831156,577,R B2 R2 D' B R' B2 R' B' D R',pass
1650669,41735261323313,10852035,598,R D' R D' R2 D' R' B' D B2 R,pass
1650875,41735262312233,10185656,531,R B2 D' B2 D' B R' D2 B2 R' B,pass
1650991,41735263123223,8193585,451,R B D' R2 B D' R' D' B D2 B',pass
1651343,41735621233232,8499621,454,R B R B' R B2 D' B2 D R B2,pass
1651615,41735622313322,9946499,529,R B R2 D2 B D2 B R D' R D,pass
1652801,41736521233232,10200401,534,R D2 B D2 B' R D' R D' B' R,pass
1653116,41736522332231,7912832,418,R B D2 R2 B' R D' B D R' D',pass
1654219,41752631222123,7485114,399,R B R B2 R B2 R D' B' R D2,pass
1654507,41752632311123,8199119,441,R B2 R' B' R D2 B' R' B' R D2,pass
1654522,41752632312323,7536589,402,R B R2 D2 B D' B D' R2 D R',pass
1654527,41752632313211,28273418,1500,B2 R B' R D R2 B' R B D2 B',pass
1656480,41756231321213,11828369,616,R D2 R D R2 D B' D' R2 B2 D',pass
1656806,41756233121231,9230002,487,R B2 R B D2 B R' D' R2 B2 D',pass
1658834,41762532221333,10304084,556,R B' D R2 D' B D2 R' D2 R D2,pass
1659014,41762533123331,9466363,508,R B2 R B D' R B2 D' B R D',pass
1660820,41765231233232,8406145,450,R B2 D B' R' D2 B R2 B D2 B2,pass
1661748,41765322221312,7650968,410,R B R' B R2 D' B2 D' B D' R',pass
1661817,41765322313211,16503583,897,R2 D2 R B' R B R2 D' B D B2,pass
1661916,41765323122212,8066460,433,R B D' R B2 D' R2 D' B D' B',pass
1664610,42136752131312,10971134,580,R B D R' B D' R D' R D2 B,pass
1665089,42137561123333,10369008,553,R B2 R2 B R2 B2 D2 B' D2 B2 R,pass
1666289,42137653122131,7839116,422,R B2 R' D2 R' B R' D2 B2 D' R,pass
1666315,42137653132121,6609584,361,R B R2 B R' B D' R D2 B' R,pass
1670767,42157633231322,10429831,556,R B2 D' B2 D B D2 R2 B' R' D2,pass
1671627,42163751121212,12066818,634,R B' R2 D' R' B R D' B2 D R,pass
1672939,42165373223123,6556174,350,R B R2 D' R2 D' B D' R2 B2 R,pass
1674818,42167532131333,11263528,606,R B2 D2 B' R D' R D2 R' D2 R,pass
1680111,42315673112111,7037444,380,R B R' B2 D' B D' R' D R2 D,pass
1684083,42351671212211,10184173,551,R B' R D B2 D' R B2 D' R2 D,pass
1685342,42351763231133,14917781,796,R2 B D2 R2 B' D' R B' D R2 D,pass
1691767,42367153111121,7215524,385,R B R' D2 R B' R B R2 D2 B2,pass
1691848,42367153211123,7919680,420,R B R2 B' D B' R2 D R2 D' R2,pass
1698966,42516372233111,9871873,529,R B2 D' R2 D' R D' B2 R2 D' B,pass
1707283,42561733323122,6977893,381,R B R D2 B2 R B R2 D2 B' R',pass
1712876,42573612323231,8672312,470,R B2 R B2 R' B2 D2 R' B2 R2 D',pass
1713110,42573613322231,8038771,428,R B R2 D' R' D' B R' B D' R2,pass
1715034,42613572313211,9050506,492,R B R' B2 R' D' B' R D2 B R',pass
1716254,42615371313332,14519663,768,R2 B D2 R2 B2 R' B D' B D2 B',pass
1716414,42615372213311,11575020,616,R D B2 R' B D R2 B2 D B' R',pass
1716420,42615372221213,10567320,577,R B2 D' B2 D R2 B' R B2 R2 B',pass
1716492,42615372313211,11801208,631,R B D2 B D2 B2 R2 B D2 B' D',pass
1723704,42651372213311,7668080,430,R B R2 B2 D2 R' D' R D' B D2,pass
1724734,42651733311122,9648188,568,R B' R B2 D' R D R' D B2 D2,pass
1730306,42673512232133,10593067,602,R D B R2 B R B2 R' D' B2 R,pass
1742018,42751632321233,10281979,562,R B' D' B2 D B R2 D' R2 D R2,pass
1742036,42751632323231,8216492,453,R B D' R2 B2 D' R' B D' R B,pass
1751379,43126572133313,11081587,626,R B R2 B' R2 B' R D B' R D2,pass
1761411,43167251232212,9354940,524,R B R' B R' B D' R2 B2 D' R',pass
1765928,43176252123131,7797765,429,R B R' B2 D R B R2 D' R D2,pass
1766045,43176252311132,8294528,460,R B D' B2 R B D R2 B' R D2,pass
1769104,43216573132121,6913099,384,R B R2 B2 D' B R' D2 R' D2 R',pass
1769107,43216573132223,7746133,478,R B R' B' R B' D B2 R' D' B2,pass
1769136,43216573212311,7598297,428,R B R' D B2 D' R B' D' R D2,pass
1769138,43216573212332,10926297,639,R2 B R2 B2 D B' D' B R2 D B,pass
1784780,43512671313332,8751142,497,R B R' D R' D2 R B R2 D' B,pass
1793032,43527612312323,7374515,413,R B D R2 B' R D' R D' R2 B,pass
1793340,43561271111111,8320804,457,R B R D' B2 D' R' B' R B2 D',pass
1797997,43571262122222,10628669,593,R B R D' B D' B R' D R2 B,pass
1799172,43572161111111,9943586,561,R B2 R' B' R' D R2 B D' B D',pass
1800322,43572612312323,8723617,493,R B2 R' D2 R D' B D' B2 D R,pass
1801408,43576211123222,9269231,505,R B2 R D B2 D R' D' B2 R2 D',pass
1801616,43576212112232,11640362,638,R D2 R D B2 D B' D' B2 R2 D',pass
1803786,43615271333312,7886974,431,R B R' D R2 D R2 B' D B' R',pass
1803814,43615272113321,8755689,482,R B R2 B' D2 R2 B R B' R D2,pass
1805863,43617521223221,11492312,633,R D B' D2 R D' R B D' R2 D',pass
1807540,43621752213323,11533746,639,R B2 R B2 R2 B R2 D R2 D2 B2,pass
1812017,43651722323132,8391091,470,R B' R2 B R' B D R2 B' D R,pass
1818487,43675122222122,13131920,719,R B' D' R D R B2 R2 D' B D,pass
1818971,43675211221331,8815239,480,R B D R B D' R2 B R2 B D2,pass
1825314,43721653231313,10121546,539,R B R2 D B R2 D' R B2 R2 D,pass
1829598,43751623123313,10232118,552,R B R2 B' R2 D2 B D B' D B',pass
1836712,43765212222122,12836644,748,R D B2 D2 B' R D2 B' D2 B R,pass
1850162,45167323322231,8432852,448,R B D' R D' B R2 B2 R B D,pass
1853178,45176231131313,18179181,944,R2 B R' B R' B D R2 B2 D2 R,pass
1853190,45176231133113,18131631,939,R2 B D2 R2 B2 D R B' R B' R,pass
1853334,45176231331113,17606779,932,R2 B R2 D2 B2 R B R' B D' R,pass
1853658,45176233131113,18666003,1012,R2 B D' R B' R B R2 D2 B2 R,pass
1853903,45176321131133,15426533,802,R2 D R' D' B' D R2 B' R D2 R',pass
1854928,45213672221123,9815576,521,R B' R B2 R' B D2 R' B2 R D2,pass
1869517,45273162222122,11384592,598,R B2 D2 B' R B' R D2 R' B2 R,pass
1870670,45276131131133,13471933,752,R2 B D' R' D' R D2 B' D B2 D',pass
1872195,45312671222312,7391856,428,R B R' D2 R B' D2 R D R B2,pass
1872449,45312672223331,8243116,445,R B2 R' B' D R2 B' R' D' R D2,pass
1872475,45312672233321,7712674,405,R B D2 R2 B D' R B' D2 B R',pass
1872498,45312672313211,24235871,1282,B R2 B' R' D R2 B' D' B R' D2,pass
1872627,45312673132313,13241445,734,R2 B2 R D R2 D' R2 D R' B' D2,pass
1872675,45312673222112,7351891,404,R B R' D2 B' R2 B R' B2 D B',pass
1872699,45312673231313,13068227,735,R2 B2 R B D2 B' R2 B R' B' D2,pass
1872822,45312761113211,8476806,449,R B2 R' B2 R D2 B2 R' D' B2 D2,pass
1872879,45312761133311,8092276,434,R B R2 B2 D B' D B' D R B,pass
1873152,45312762221111,9921273,523,R B' R' D2 R B R2 D' B2 D R2,pass
1873206,45312762311111,8127898,438,R B R' D2 B2 R' B' R B' D B,pass
1876539,45321671212211,8872822,510,R B D' B' D' R D2 B' D R2 D',pass
1876555,45321671221121,8868842,483,R B' R B R2 D2 B R D2 R2 B',pass
1876956,45321673113311,14713577,802,R2 B' D R B2 R' B R2 D' B2 D,pass
1880458,45327612222323,9474704,519,R B D2 R2 B2 R' B D' B' R B,pass
1883290,45362712122222,11253421,593,R B D' B R' D' R D2 R B R',pass
1884107,45367122223133,9629879,518,R B' R2 B R B2 D' B D2 B' R',pass
1884467,45367211111132,8553442,451,R B2 R' D' B2 R D' R2 D B' D2,pass
1884547,45367211211122,9053282,494,R B2 D2 R2 B D' B R2 D' B D',pass
1884953,45367213111133,9190214,497,R B2 D2 R2 B D B' R2 D R' D,pass
1888166,45376121131133,14242992,770,R2 B' R B D2 B' R B2 D' B2 D,pass
1888332,45376121331311,10422880,549,R D B' R D2 R' D B' D B R2,pass
1889074,45376211333123,8437693,476,R B' R2 D2 B D' R2 B D' B' R',pass
1889386,45376213131323,13381579,721,R2 B2 R D B2 D' R2 D B' R' D2,pass
1889566,45376213333322,7815288,461,R B D R' B2 R' D R D B2 D2,pass
1889644,45612371133221,8877281,485,R D R' B2 R B R' B D' B D2,pass
1890028,45612372331121,7494010,407,R B2 R' B R2 B' D R2 B' R' B2,pass
1890068,45612373112231,7688713,417,R B2 R2 B' D B D' R2 B2 D' R,pass
1890118,45612373132121,7339658,409,R B D' B R' D' R2 B2 D' R D',pass
1890121,45612373132223,8089184,429,R B2 R B' D2 B' R2 D R2 D' R,pass
1890252,45612373322111,7099322,377,R B R' B' D R2 D R' B R2 B',pass
1890280,45612373332122,7568847,420,R B2 R2 D2 R' B D B2 D2 R2 D',pass
1890283,45612373332221,7630010,407,R B2 R2 D2 B D' R' D R' B D2,pass
1891246,45613271331221,8656887,461,R B R' B2 R' B D2 R' D2 R B',pass
1891422,45613272233111,10898619,573,R B2 R2 D' R D' B2 D' R' B R',pass
1894481,45621373123331,9530359,513,R B R' D' R2 D' R' B2 D B2 D',pass
1894509,45621373211111,11897089,635,R D R' B D R2 D B2 R2 D B,pass
1895005,45621732212123,9922795,536,R B D2 R2 B2 R' D B' D B2 D',pass
1895075,45621732233333,9511053,506,R B R2 D2 B2 D' B R' D B2 D',pass
1896598,45623712332123,6975345,404,R B D' R D' B' R' D B2 R D',pass
1896820,45623713322321,6683982,378,R B R' B D' R' B' R B2 D R',pass
1901782,45637123132121,7684016,422,R B2 D' R' D' B2 R B' R2 B' D2,pass
1901944,45637123332122,6733960,362,R B R2 D B2 D B2 D2 R' B R,pass
1902758,45671231132231,6839151,377,R B D R' D' R' D B D' B D2,pass
1903187,45671233112132,7352979,417,R B2 R' B2 R' D R2 B R2 B R2,pass
1906670,45673212212132,8845721,493,R B R' D2 B2 D' R' D B' R B',pass
1906906,45673213211222,9037161,489,R B D2 R2 B' D B' D' B2 R2 D,pass
1909865,45713623223132,7279366,393,R B D' B2 R' D R D' B R2 D2,pass
1912119,45721363321313,8461771,455,R B2 R2 B D' R2 B R2 B R2 B2,pass
1912127,45721363322231,8166801,431,R B D R2 B2 D' R D' R' D2 B2,pass
1918402,45732612233321,7355642,395,R B R D' R2 D' R' D R2 D2 B',pass
1918767,45736121122211,11957584,643,R D B D2 B' D R2 B' D2 B R',pass
1924560,46123571111111,8943690,479,R B R' B2 R D' R D' R2 B2 D2,pass
1925191,46123573232123,10953178,583,R D' B2 R D' R D' B' R' D R2,pass
1926982,46125731333123,8804486,472,R B D R' D B D2 R' D R B2,pass
1927536,46127351131313,11052890,605,R B R2 B R' D R D2 R D R',pass
1927781,46127352131333,12432823,666,R B' R' B D B D2 B2 R' B D,pass
1928023,46127353131323,13360282,728,R B' R' D R D B2 D2 R' B R,pass
1930713,46135272133313,10432292,564,R B R B' D2 B D' R B R' B2,pass
1935308,46153273131131,12625884,681,R D' R2 B2 R' D2 B D2 B2 D B',pass
1936949,46157233333232,7699500,411,R B R D' B D' B2 R' D B2 R',pass
1937174,46157321331233,9202824,530,R B D' R' B R' D2 B2 R' D' R2,pass
1943788,46215372121223,8147844,449,R B D' B R2 D' R2 D' R B' R',pass
1943940,46215372313211,14120777,756,R2 B2 R B' D R D2 B' R D R2,pass
1954046,46257132211133,10028340,538,R B' D2 B D R2 B' D R2 D' R',pass
1955109,46257313312211,15687623,821,R2 D R' D B R2 B R2 D2 B D,pass
1957650,46273512122312,8167041,433,R B D' B2 D' R' D' R B2 D' R,pass
1957962,46273513221212,7768890,418,R B R' D2 R' D' R' B D2 R' B,pass
1958872,46275311123222,9531216,507,R B R2 D2 B' D' R D' R D2 R,pass
1959080,46275312112232,11973817,638,R D R2 B2 D' B' D B' R D2 R,pass
1959132,46275312132212,10559723,566,R B2 D' B2 D B2 R' B R2 B2 R',pass
1959212,46275312232133,9301879,501,R B D R2 D2 R B R B' D2 B',pass
1959249,46275312313211,11361451,609,R B R2 B R2 B2 D2 B D2 B' D',pass
1959340,46275313121222,9792568,517,R B D' B D' R B2 D B' D' R',pass
1959483,46275313312211,11315673,616,R D R2 B' R D R2 B2 D R' B',pass
1964900,46321752111131,8632553,470,R B' D2 B D' R B R2 D' B R,pass
1969844,46352171211233,7047303,383,R B D' R D R B' R2 D B D',pass
1970024,46352172113231,6531051,353,R B R B' D2 B D' B R B2 D2,pass
1974977,46372511221331,9546422,506,R B2 R' B D' R' B R' D2 R D2,pass
1976408,46375211211332,7082858,376,R B R' B' R2 D' R' D R2 B' R',pass
1976580,46375212113111,7775695,421,R B D2 B R' D' R D' B' D2 B,pass
1976627,46375212132131,7065933,388,R B R D2 B2 R2 D B' R2 B D',pass
1976629,46375212132221,7794869,416,R B D' B R2 D' R' B D' B2 R',pass
1976791,46375212332222,7615901,416,R B R2 D' R' B R D2 B2 R2 D',pass
1976814,46375213112111,9649133,521,R D R' B D' B R2 B2 R B' D',pass
1976851,46375213123121,8805786,480,R B' D2 R D' R' D B D' R B2,pass
1977040,46375213333121,7167267,393,R B R2 B D' R D' B' R' D R2,pass
1977268,46512371331221,9284199,488,R B D' R2 B2 R D' B2 D' B2 D2,pass
1977316,46512372113321,10103370,541,R B R2 B' D2 R2 B R B' R D,pass
1978974,46513272332111,7466789,397,R B R2 D2 B' R B' R B R' D',pass
1979014,46513273113221,7436392,449,R B R D' B2 D' R B2 D B' R,pass
1983833,46523711331332,8885425,482,R B R2 B' D B' D R' B D B2,pass
1984825,46527133111121,7222619,391,R B R' D2 R B' R B' D2 B2 R2,pass
1992484,46572311223122,9480822,506,R B' D B' R2 B' R' B' D R2 B,pass
1992664,46572312132122,7734309,407,R B R2 B' D B2 R2 D R' D R2,pass
2000184,46721533123313,9864660,548,R B R2 B' R D' B R' D R B2,pass
2012429,47123562232133,10782622,576,R D B D2 R' B' R2 B R D2 R,pass
2012927,47123651233232,7986306,432,R B' R D R' B D' B2 R B R2,pass
2015114,47126351233232,10881273,589,R D R' B R D' B2 R D' B D',pass
2016002,47126532133133,9120894,489,R B D' R2 B2 R' B' D B' D B',pass
2016819,47132562311111,8726525,463,R B2 R B2 R' B2 R B2 D2 R2 D',pass
2017025,47132563222331,11661305,627,R2 B D' R' D R D' B R2 B' D,pass
2017546,47132652233321,8698860,473,R B2 R' D2 R B' D B' D2 B R,pass
2018915,47135622132332,8157932,457,R B D2 B' D B2 R2 D B' D R2,pass
2019645,47136252133112,11517717,611,R D2 R B R2 B R' D' B2 R2 D',pass
2020946,47152361233232,7202394,391,R B R' D B D2 B2 D' R' D2 B,pass
2021717,47152631322131,9258363,494,R B2 R2 B' R B' R D2 R D R2,pass
2023935,47156231332313,9286750,503,R B' D' R D2 R D' B' D B2 D2,pass
2024273,47156233211132,8879616,483,R B' R2 D R2 D' R B' D2 B' R,pass
2024322,47156233223312,7666942,409,R B D' B D' R' B D2 R' B' D',pass
2024343,47156233233113,9050440,491,R B' R' D R2 D R' B' D B2 D2,pass
2024394,47156233322312,7361039,393,R B R' D R' D' B R2 D' R' D',pass
2024433,47156321111111,9355580,514,R B D R' B R' D B2 D2 B D',pass
2024511,47156321133311,9463457,506,R B' R D2 R D R B' D R2 D',pass
2024745,47156322132311,8026957,426,R B D2 R' D' B R D2 B2 R2 D',pass
2024861,47156322313232,7414129,398,R B R2 B R' D' B R' B' R2 B,pass
2024903,47156322332132,6922195,372,R B R D2 R' D R2 B' R2 B' R2,pass
2024907,47156322332312,7235239,384,R B R' B R2 D' B' D B' D2 R',pass
2025046,47156323223123,7978600,429,R B2 R2 B' R' B R2 D' R B R2,pass
2025361,47162351322122,8112560,442,R B D B2 D2 B R' D R' B D,pass
2027650,47163522131222,7764029,417,R B R' B2 R' B' D' R D2 B' R,pass
2028951,47165321232113,10524783,561,R B D' R2 B2 R B R D' B2 R,pass
2029007,47165321322131,15318429,838,R2 B2 D2 B' R D' R2 B' R B' R2,pass
2029116,47165322132212,10550893,576,R B2 D' R2 D R2 B' D R2 D2 R',pass
2029122,47165322133112,12040093,660,R D R2 B2 D' R' D B' R B2 R,pass
2029196,47165322232133,9069287,493,R B R D2 R2 D B R B' R2 B',pass
2029233,47165322313211,11852843,642,R B D2 B R2 B2 D2 B R2 B' D',pass
2032757,47216352131333,12659275,673,R D B2 D2 B' R B2 D' B2 D R,pass
2038824,47251363131113,12280146,678,R B' R2 B R' D B' R2 B' R B',pass
2039316,47251632131312,10486641,560,R B R' B R' D' B R2 B D R',pass
2041782,47256133212311,8007889,443,R B D' R' D' R2 B2 D' R B' R,pass
2041880,47256133321232,7904971,420,R B R B' R B2 R' D R2 B' D',pass
2046586,47265312122222,8505647,458,R B R B2 R' D' B2 R D' R' D',pass
2046606,47265312131312,8864632,492,R B D B2 D' B' R2 D B' R' D',pass
2046729,47265312313211,23771097,1278,R' D R' D B D2 R' D R B2 R',pass
2052299,47321651311133,8889021,1756,R B R B R2 D' B2 D R2 B' D',pass
2058257,47352612123131,7632450,707,R B R D' R' D R2 D R2 B' D2,pass
2058374,47352612311132,7861307,771,R B D R' D' R D2 R D2 B' D2,pass
2058393,47352612313211,14851898,1305,R2 B' R2 B' R' D' R D2 B D' B,pass
2065678,47512632312323,7548713,534,R B R2 D2 R D' R' D2 R' D B',pass
2087522,47621532232331,6924078,425,R B R' D R' B' R' B D2 R D',pass
2087749,47621533231121,7228884,459,R B2 R B' R D R2 B' R B D2,pass
2092633,47632152233321,7349422,571,R B R D2 B' R B' D R' D2 B,pass
2092812,47632153212311,9034520,595,R B' D2 B' R B2 R B2 D B R2,pass
2092867,47632153232321,8314372,576,R B' R2 D' B R B R2 B D' B,pass
2093543,47632513212332,11644430,690,R2 B2 R' B' D' R D2 R D2 R' D2,pass
2096989,47652132231323,9021992,511,R B R2 D2 B2 D' R D' R' D B,pass
2099363,47653213211231,11281223,765,R2 B D2 R' D R D2 B R B' D',pass
2099421,47653213232111,6602492,517,R B R B D2 B R' B' R' D2 R2,pass
2110480,51264731113322,7643480,528,R B R' D' R D2 R B D2 B2 R',pass
2110803,51264732213311,7206849,508,R B R B2 R2 D2 R' D' R D' B,pass
2111603,51267342312233,12725306,733,R B' D B2 D B' R D' R' B2 D2,pass
2117098,51324671211122,8293479,572,R B R' B' D B' R B2 D2 R' D',pass
2117349,51324672212111,10716326,815,R D R' B' D' B R2 D' B R2 B',pass
2117526,51324673113311,12628693,930,R2 B R2 B' D2 R B' D2 B R D',pass
2117746,51324761111123,9337937,546,R B R' D R B2 D2 R' D2 R D,pass
2118257,51324763113332,8996224,537,R B R' B' D B D' B2 R2 B R2,pass
2121723,51342672212111,10225567,672,R B' D R B2 R' B R2 D' B2 D,pass
2122780,51342763312223,18126845,1467,R' B R' D R B2 D' R D R2 D',pass
2128761,51367241211113,7334820,417,R B D' R2 D B2 R' B D B D',pass
2134628,51423671221331,7765636,446,R B D2 B2 R D' B2 R B R2 D2,pass
2136699,51426731111111,9117628,513,R B D R2 D R' B' D R' B2 R2,pass
2137359,51426733312211,8278017,552,R B2 R' B D2 B' R D2 B' R' B,pass
2147694,51472361131313,11021922,859,R B2 R B R' B D' R2 D' B D',pass
2149071,51472633331312,10461303,851,R B R2 D2 B D2 B R D' R B',pass
2152197,51623471321111,6639590,406,R B R2 B' R B' D' B2 R B' R,pass
2153410,51623743313321,9765993,596,R B R' D B' D' R B2 R B D',pass
2154367,51624731312123,9464890,717,R B2 R2 B R2 B' R2 D B' R2 B2,pass
2154888,51624733323113,10321728,821,R B' D' B D2 R' D B' D' R2 D',pass
2157323,51632741323232,7372018,558,R B D' R2 B D R' D R2 D' R,pass
2160798,51642371122313,9924398,677,R B2 D2 R' B' D R' B2 D2 R D,pass
2161510,51642731113322,10825159,613,R D B2 D2 R' D B' R' B R2 D',pass
2163695,51647231113232,7093798,403,R B R2 D2 B D2 B R' D' B2 D,pass
2170779,51723643131311,10410617,809,R B R' B D R' B2 R' D2 R D,pass
2171245,51724362122222,9010288,569,R B D' B2 D B R2 B R' B' D,pass
2171478,51724363121213,8847686,702,R B D' R2 D B R2 B D' B' D,pass
2173686,51726433123313,10504060,584,R B D2 B2 D' R B2 D' R2 D B,pass
2175123,51732643121213,10978222,640,R B D' R B' D' R D2 R D R',pass
2179436,51742632323231,8675738,628,R B2 R' B2 D2 R' B2 R' D' B2 D2,pass
2179439,51742632323333,9418358,722,R B2 D' R' D2 R D2 B' R B D2,pass
2187873,52134761232113,8325033,580,R B D' R' D R2 D B D2 B2 R',pass
2195052,52147631121311,8426921,496,R B2 R2 D2 B R' D B' D2 B D',pass
2195076,52147631131211,8799798,510,R B2 D B' D B' R2 B D' B' R,pass
2195102,52147631211131,7571042,519,R B R B' D2 R B' R B' D B2,pass
2195182,52147631311121,7730778,549,R B R2 B' D B2 D R2 D2 B' D',pass
2195262,52147632111113,8365289,686,R B2 R' B R B D' R D' R2 B,pass
2195505,52147633111112,10783326,762,R D2 R' D B D B' D R' D2 B,pass
2195758,52163471112122,8752180,567,R B2 R' D' R2 B2 D R B R' B2,pass
2195847,52163471213111,7518369,506,R B R2 B' D B' D R2 B2 D2 B',pass
2195919,52163471312111,7417114,510,R B R B2 D2 B D B' R2 D2 B',pass
2195983,52163471333123,6862328,543,R B R' D B2 D' B2 R D R B',pass
2195997,52163472111311,7490013,483,R B R D2 B' R D' B' D2 R B,pass
2196049,52163472131222,7361141,419,R B D2 R2 D R B2 R B R2 B',pass
2196237,52163473111211,7939425,453,R B D B2 R' B D' R' B2 D B,pass
2196242,52163473111331,7846170,467,R B2 R B R2 B' D2 B D' B' R2,pass
2196349,52163473221323,7356102,410,R B R2 B' D R2 B' R2 B D B2,pass
2196449,52163473323332,12625475,1023,R2 B2 R' D R2 B' R' D' R2 B R,pass
2198939,52167342121232,10401657,675,R B R' D B R2 D2 B' R2 B2 D',pass
2199669,52167432121313,9352489,527,R B2 R' D R' B2 R B2 D' R D',pass
2199676,52167432122222,11422252,786,R D2 R' B2 D R D2 R2 D' B' D2,pass
2199693,52167432131213,9947695,695,R B' D2 R B R2 B' R' D2 R' B',pass
2199959,52167433133333,11042550,777,R D B2 D2 B R D R' D2 R' B,pass
2200103,52167433331333,9475889,570,R B' R B2 D' B2 D R' B D2 B',pass
2202922,52174633223123,9837577,559,R B' R' B' R D' R' D2 R' D' R,pass
2205150,52314673311311,15574217,994,R2 D B' R' D' B D2 R' B D2 B',pass
2205424,52314761322122,8860815,657,R B2 R2 B D2 B' D2 R D' R2 D2,pass
2208870,52341671111111,24784623,1729,B R' B2 R' D' B' R D2 B R' D,pass
2208909,52341671122211,9058637,516,R B2 D' R2 D' R D' B' R2 B R2,pass
2209038,52341671311313,7356548,429,R B R2 B' R B2 D' R2 D R B2,pass
2209194,52341672211112,9145155,520,R B2 D' R2 D' B D' B' D2 B R2,pass
2209263,52341672232313,8497441,699,R B2 R D R2 D' R2 D R' B' D2,pass
2209324,52341672323222,9258340,874,R B' R' D R' B' D R B2 R2 B,pass
2209326,52341672323312,12170895,882,R2 B R2 D B2 D R' B D2 B D,pass
2209428,52341673133111,7806138,605,R B D2 B' D R2 B' R2 B R B2,pass
2209503,52341673232213,8327844,657,R B2 R B D2 B' R2 B R' B' D2,pass
2209508,52341673232333,7426105,480,R B R B2 D' R D' B' R2 D B,pass
2209566,52341673323212,11955138,860,R2 B R D2 R B' R D2 R B2 D,pass
2213520,52361472121313,11331611,668,R D B2 D2 B' D' B2 R B2 R' D2,pass
2213547,52361472131312,9366973,552,R B2 R2 D' R D' B' R D2 B' D',pass
2216485,52367142211121,9571306,798,R B2 R B' D2 R' B' R' B2 R' D,pass
2217335,52367412322232,8030777,524,R B D2 B' R B2 R D2 R2 B' R,pass
2219092,52374161112323,8296687,475,R B R D2 R D' B' D R' D2 R2,pass
2221870,52376413222223,8982205,591,R B R' D' R B D2 R2 B2 R' B,pass
2232782,52463173212332,10753514,709,R2 B R' B' D' R B2 D' B D2 B',pass
2233511,52463713212332,10796243,760,R2 B R2 B' R2 D B' R2 B R B',pass
2235969,52471631223113,8086633,688,R B' R2 D R' B D' R' B' R D2,pass
2236050,52471631323112,8291309,495,R B' D2 R D' R B' R' D' R B2,pass
2241372,52614372313211,13421009,832,R D R' B D B2 R' D B D2 B',pass
2249547,52641733212311,7856567,532,R B R' B' D' R2 B2 D' B D' B,pass
2249602,52641733232321,7998308,483,R B2 R D R' D2 R B R2 B2 D',pass
2255428,52673413232123,7463205,603,R B R2 D' R2 D' R D R' D2 B2,pass
2257135,52713461232323,7364713,436,R B R2 B' D2 R2 B R' B' R2 B,pass
2258586,52714361232113,12167450,749,R D B2 D2 R' B R' B' R D2 B',pass
2259760,52714633213223,7989714,471,R B2 R' B' D2 R D' R2 D R' B2,pass
2259784,52714633223123,8001139,459,R B2 D2 R2 B D R' D2 B R' B,pass
2262240,52731641233112,7037900,470,R B R' D' B D' B D2 R2 B' D,pass
2262294,52731641323112,6783672,561,R B R' B' R B' D B2 R2 D' B,pass
2264477,52736141322233,7992456,509,R B R2 B2 D' B D' R' D R2 B',pass
2266158,52741362313211,9221555,530,R B D R2 D B2 D R' D2 B2 R',pass
2266159,52741362313223,10503437,601,R D B' D' B' R2 D2 B' R B' D,pass
2266748,52741632122333,11826674,761,R B R2 B2 R D B2 D2 B' D2 R,pass
2266756,52741632123323,14606456,1243,R D R2 D2 R B D2 B2 D' B2 R,pass
2266797,52741632212213,12372973,789,R B D2 R D' R' D2 R' D2 B D',pass
2266799,52741632212231,12866716,720,R B2 R' B R' B' R D R' D B',pass
2266851,52741632232211,11988819,735,R B R2 D R' B' R2 B' D2 R D',pass
2267060,52741633221233,11805133,1063,R B D R2 B2 R' B' R2 D' R' D,pass
2267133,52741633313312,11644062,724,R B R' B D B2 D B' D2 R2 B,pass
2267134,52741633313321,12548532,748,R B D' R D' R' B R B' R B2,pass
2267140,52741633321223,13882189,779,R B' D B' R2 B R2 B' D2 B D',pass
2267160,52741633323311,12133423,891,R B D' R D R2 D B' R2 D2 B,pass
2267922,52743611111213,8038116,551,R B D B' R2 B D' B D' B2 R,pass
2267925,52743611111312,9929438,697,R D B D' R2 D R' D B' D2 R,pass
2267930,52743611112131,8031879,454,R B D2 B' D B R2 D' B' D R,pass
2267938,52743611113121,10099927,627,R D B2 D' B D R2 B' R' B R,pass
2268216,52743612131111,7656784,532,R B R2 B' R D2 R B2 R2 D' B,pass
2268432,52743613121111,9272548,755,R B' D B R2 D' B R' B R2 B',pass
2270838,52761431111213,7977348,727,R B D2 B' D B2 D B2 D2 R' B',pass
2270841,52761431111312,8032140,502,R B D B' D2 R D' B D' B D2,pass
2270846,52761431112131,8356566,483,R B2 R2 D2 B R' B R' D2 R B',pass
2270854,52761431113121,8469824,489,R B2 D R' D B' R2 B R' B' R,pass
2271132,52761432131111,8136026,549,R B D' B2 D' B2 R D' R' B R',pass
2271348,52761433121111,7813717,576,R B R' B' R B2 D' B2 D' B R',pass
2272175,52763143222331,12352358,806,R2 B' D B D2 B' R D2 B' D2 B,pass
2272416,52763411222312,16383834,963,R2 B R' D' R B' R2 D2 R D' R,pass
2272528,52763411333123,11150266,720,R B D2 R2 B2 D R D' B D' R,pass
2272896,52763413222112,16943784,1350,R2 B D' B' D B' R2 D2 R B' R,pass
2272911,52763413223312,16898420,1346,R2 B D' R B2 R2 D' R D' B' R,pass
2272983,52763413322312,16400744,919,R2 B R' B R2 B2 D' R B' D' R,pass
2276078,53126471231231,9981103,578,R D2 B R2 B' D R' B R' B' R',pass
2276080,53126471231321,7973104,704,R B R' B2 D2 R' D' R D' B R,pass
2276134,53126471321321,8538485,562,R B' R' B2 R D R2 B' R2 B D2,pass
2280605,53146272123233,11274337,769,R D R B2 R' D R2 B' R2 B R',pass
2282060,53147262123131,7845842,438,R B R2 D' R2 D' B D R' B2 D2,pass
2284618,53162743312223,18371880,1175,R' B R' B D R2 B' D R B2 R',pass
2307127,53274163211222,10223214,813,R B2 R B2 R2 B R2 D' R2 D2 B,pass
2314035,53421671321111,10494228,865,R2 B R D' B2 D B' D R B2 D2,pass
2314040,53421671321231,6992277,430,R B R2 D2 B R2 B R' D' R2 D,pass
2315318,53426171112233,8091782,533,R B R2 B2 D' R B' D' R D2 B',pass
2320432,53462711113322,10545495,852,R D R2 D2 B' R D' R' B D2 R',pass
2322054,53467211321111,6673209,387,R B R2 B' D R' B' D2 R D' R,pass
2325717,53476121323112,8710451,627,R D R2 D2 B' D B2 D' B R2 B',pass
2325724,53476121323322,8972689,696,R D R2 D2 B' R B2 R' D B2 D',pass
2329246,53614721212121,11124532,659,R B2 R B2 R2 B' R2 D B2 D2 R',pass
2331562,53621471331221,7307251,526,R B R D' R2 B2 D B' R' D B2,pass
2337174,53642171111111,8993486,699,R B R' B2 R D' R D R2 B2 D',pass
2341902,53672142221213,15053716,933,R2 B R B' D B' D R' D B2 R,pass
2347047,53714622233111,12382344,857,R B' R D2 R D' R D' B' R2 D2,pass
2349456,53721463223312,9224223,560,R B2 R B2 R2 B R2 D R2 D2 B,pass
2351295,53724612121112,10950112,725,R B D' R B R2 D2 B' R2 B2 D',pass
2352475,53726143333121,7873211,633,R B R' D2 R B R2 B R' D' R,pass
2354148,53741621323112,8082430,543,R B' R2 D R' D B' R' B' R B2,pass
2354166,53741621332112,8336978,553,R B' D2 R D' B D' B' D' R D2,pass
2355857,53742612323333,9569244,559,R B2 R B' R2 D' B' R' D2 R' D,pass
2357859,53761242121211,10860015,707,R B R B2 R2 B' D2 R B D B2,pass
2357940,53761242221213,11502314,823,R B2 R' D' R B' R D2 R D' R,pass
2358021,53761242321212,10777311,609,R B R B2 R B R B2 D' R B',pass
2359655,53762143222331,9194279,542,R B D' B' D B R' B2 D2 B D2,pass
2360458,53762413322123,10068111,713,R D R' D B2 D' R D' B D B2,pass
2362606,54123673233323,8772707,541,R B' R D R2 B' D R' B R2 B',pass
2363638,54126371331221,7430675,620,R B R' B' D R D' R D2 R' D,pass
2365905,54127632131213,10683588,645,R B' D B R' D' R B R' D R2,pass
2365968,54127632222212,10135178,619,R B' R D R' D' R D B' D B2,pass
2366148,54127633131212,10677983,732,R D R2 D2 R' B' D2 R D2 R' B2,pass
2366171,54127633133333,11191368,622,R D B2 R' D B D B2 D2 R' B,pass
2366331,54127633333313,10401968,780,R B' D2 B' D B R D2 R2 D B,pass
2372242,54163271133221,8237634,515,R B2 D R' B R D2 B' D R D2,pass
2372562,54163272233111,10720677,600,R D R B R' B2 D' B R D R,pass
2373651,54167231121113,7458937,526,R B R2 B' R D' B R2 D2 B2 D',pass
2373678,54167231131112,7568747,501,R B R D2 B2 D B D' R2 B2 D',pass
2373735,54167231221211,8074324,668,R B2 R' D' B2 R2 D B D R' D2,pass
2373861,54167231333213,7474865,420,R B R' B D R B2 D' R D2 R',pass
2373876,54167232112112,8025476,567,R B2 R' B' D2 R2 B R D R' D2,pass
2373945,54167232133313,8506626,545,R B2 R2 D B D' R2 D' R' D2 R,pass
2374101,54167232333113,7431196,449,R B R' B R2 B' R2 D B R D',pass
2374262,54167233232333,9585801,546,R B' D' R B2 R B D' B' R2 D,pass
2374329,54167233331213,8455940,691,R B2 R2 D R B' D2 B' R' B2 R,pass
2376366,54172633132313,10459745,623,R B D2 R B D2 R' B R2 B2 D,pass
2382771,54217362233213,17256573,1080,R2 B' R2 B R' D B' R2 B' R B',pass
2383410,54217632132212,15432906,890,R2 B R' B R' D' B R2 B D R',pass
2383875,54231671123111,8008986,662,R B2 D' R B D R2 D R' B' D,pass
2384362,54231673123121,7015578,634,R B R' D R D B2 R2 B D2 R2,pass
2388736,54261373123121,7615112,526,R B R D R2 B' R2 B R2 D' B',pass
2389316,54261732231233,9416274,536,R B R' D B' R D' B2 R2 D' B',pass
2395896,54276132233312,9160451,569,R B2 R' B R' B2 D' B R' D2 R2,pass
2397014,54312671131331,7874396,485,R B R' B D2 B' D R' B R B2,pass
2397285,54312672212111,8613500,681,R B R' D' R' D R2 B' D B2 D',pass
2397606,54312673311311,14643025,857,R2 B' R D B2 D' R B2 D' R2 D,pass
2399886,54317261113112,7044678,506,R B D2 B' R D' R' B2 D B' R,pass
2400601,54317621111222,9234452,554,R B D R' D2 B2 R D' R' B D2,pass
2401662,54321672212213,12507319,759,R B D' B R' B R B2 D2 R2 B,pass
2401664,54321672212231,11714610,908,R B R2 D2 B2 R B D' R D' B,pass
2401716,54321672232211,12238243,713,R B R' D B' R D B2 R2 D2 B,pass
2401998,54321673313312,17733797,1089,R2 B R' B' D B' D2 R2 D R' B,pass
2401999,54321673313321,18226901,1035,R2 B R' D B2 D2 R' D B' R' B,pass
2402025,54321673323311,18163792,1428,R2 B D' R' D B' R2 D2 R D' B,pass
2402140,54321761211221,7643108,466,R B R B' D B' D2 R' D R2 B',pass
2402559,54321763113113,10337581,673,R D R' B D2 B' R D' B R B2,pass
2402789,54326171111231,10395003,612,R2 B R B' D2 B D' B R B2 D2,pass
2402798,54326171112233,7371444,460,R B R' D2 R' D2 R D' B' D' R,pass
2402978,54326171321231,7493686,684,R B D' R2 D' R2 D R' B' D' R,pass
2403525,54326711112212,9559841,592,R B D' B R2 D' R B' D2 R2 B,pass
2405345,54327612223232,8354661,686,R B2 R' B D R B' R B' D2 R,pass
2406074,54361272223232,8517528,486,R B2 D2 R' B D R2 D2 B R D,pass
2407178,54362171113133,8877098,499,R B R B D' B2 D R' B R' D',pass
2407892,54362711111231,7099850,505,R B D' B2 R D R' B D2 B' R,pass
2408094,54362711323112,8669199,914,R D R' D' R D' B R2 D2 B' R,pass
2408628,54367121112212,10545551,863,R B' D' R2 D B R2 D' R2 D B2,pass
2408637,54367121113211,8696280,492,R B D' B2 R2 D' R' B R' B R,pass
2408642,54367121113331,12019396,696,R D2 B D2 B' D R' D R' B' R',pass
2408941,54367122211121,9641756,763,R B2 D' B' R2 B D2 R' B R D2,pass
2409021,54367122311111,8708916,536,R B2 R' B2 D2 R' D2 R' D' R2 D2,pass
2409264,54367123311113,8673883,597,R B D2 B2 R B' R B' R D R,pass
2409412,54367211132222,11791446,713,R B D B2 R2 B' R B' D' B2 R',pass
2409452,54367211213333,14726802,831,R D B2 D2 B D R2 D2 R' D2 B,pass
2409464,54367211222132,12021380,946,R B R' B D' B' D B R' B D2,pass
2409582,54367211333213,12802440,751,R B2 R' D B' R' B R B' D R',pass
2409676,54367212211322,14634215,1219,R D R2 D2 R B R2 B2 R' D2 B,pass
2409724,54367212231122,12464920,934,R B D2 B2 D B D2 B2 D' R2 B,pass
2409744,54367212233213,11984417,903,R B R2 D R' D' R2 D' R2 B D',pass
2409816,54367212332213,12312012,781,R B D2 R D' B' R2 B' D2 R D',pass
2409822,54367212333113,12913735,888,R B2 R' B D' R' B R D' B R',pass
2409844,54367213112222,13893454,762,R B' D R' D2 R B2 R' D2 R D',pass
2410004,54367213312133,13605515,1095,R B' R B' R2 B R2 B' R2 B R',pass
2410100,54371261113331,9081508,525,R B R2 B2 D B' D2 R D R2 B2,pass
2410821,54371621113112,10644444,703,R2 B D B' D2 B R' B R B2 D2,pass
2410828,54371621113322,7299916,450,R B R2 B' R2 D2 B D' B' D2 B,pass
2413193,54376121322233,8526406,491,R B D2 B2 R' B R' D' B R2 D',pass
2413721,54376211111132,8758335,749,R B2 R2 D2 B' R B D' B D' R2,pass
2413723,54376211111222,8076089,638,R B R B2 R' D' B2 D' B2 D B2,pass
2413739,54376211113133,9134032,611,R B2 D B2 D' B R' D B' D' R',pass
2414463,54612371112311,12963439,926,R2 B R2 B2 D2 R' D' R D' B D2,pass
2414810,54612372222131,9559139,615,R B D R B2 D B' D2 R2 B' R,pass
2415433,54612732112223,9028955,737,R B2 R' B D' R2 B' D B' D2 B2,pass
2415864,54612733322213,9149132,593,R B2 R' D R' B2 D' R B' D2 B2,pass
2418900,54621371133311,8425565,607,R B D' B D2 B' D B' D R D2,pass
2419147,54621372211121,9219396,625,R B' R D R2 B2 D R B2 R2 D',pass
2426904,54637211132111,7122892,448,R B R' B2 R D2 B' D B R D',pass
2427924,54671232221213,9712107,715,R B R2 B D R' B2 R' B' R2 D2,pass
2432157,54712361323313,9212118,664,R B2 D2 R' D' R D' B2 R2 D B,pass
2432320,54712362223322,9665235,697,R B2 R2 B D2 B D2 R' B R2 B2,pass
2435220,54716232222113,9564918,528,R B D' R B' R B' R2 D2 B' R',pass
2435605,54716321112323,9245008,560,R B D' B2 D B' R B D2 R2 B',pass
2436016,54716322313223,7635881,547,R B D B2 D2 R2 D' B' R B' R,pass
2437047,54721631111111,29481006,2119,B2 R' B R' D' B R2 B R B D',pass
2437084,54721631122121,8641656,599,R B2 D' R D2 R' D' B R' B2 R2,pass
2437211,54721631311133,8196209,454,R B D2 B' R D2 B' R2 B R D2,pass
2437367,54721632133232,7993396,540,R B2 R' B' R2 D2 B R D B' D2,pass
2437384,54721632212222,8526489,666,R B2 R2 D R D' R2 D' B' R2 B,pass
2437385,54721632212231,7436322,463,R B R' D R B R2 D' B D2 B',pass
2437675,54721633231322,7934008,476,R B D B' R2 D2 R B D2 B D2,pass
2437720,54721633313321,8529170,499,R B2 R D' R D' B' R B' R D2,pass
2437775,54721633333331,7493336,493,R B R2 D2 R B R2 B D R2 D',pass
2438808,54723612131312,11544380,801,R D2 R' D2 B R D2 R2 D' R' D2,pass
2438860,54723612221222,9447340,715,R B2 R' D B' R2 B R2 D' R D',pass
2438868,54723612222212,9673010,613,R B' R2 B' D' B2 D B R2 D' R',pass
2439024,54723613121312,10617996,615,R D B2 R' D' R2 D R B2 R D',pass
2439231,54723613333313,10725087,618,R D B2 R' D' B2 D B D2 B R',pass
2445757,54761233322321,8257938,609,R B D' B2 R2 D' B D' B' D R2,pass
2449157,54763212322232,7842882,669,R B R' B2 R' D2 B D' B' D B',pass
2449563,56123471222312,11484359,729,R B D' B D' R' B D R' D B2,pass
2449570,56123471223221,10901493,713,R B R B2 D2 B' R' B2 D' R' B,pass
2449664,56123471331332,13954268,798,R D B2 D2 B D B2 D2 B' R2 D,pass
2449675,56123471333123,11984420,977,R B2 R' D R' B' R B R' D R',pass
2449882,56123472322121,11525949,700,R B D2 B2 D B R2 B2 R' B2 D,pass
2449907,56123472331331,10816284,719,R B R2 B2 R D R2 D2 R' B2 D,pass
2450000,56123473133132,12734004,716,R B' R D' R2 D B2 D' B2 D R',pass
2450003,56123473133231,10719786,617,R B R D2 B2 D' R' B2 D' B' R,pass
2450043,56123473222112,11081228,2675,R B R' D R' D' B R B' D B2,pass
2450058,56123473223312,11054067,779,R B R' D R D2 R B' R2 D2 B,pass
2450130,56123473322312,11460706,673,R B D' B D R2 D B' D2 R2 B,pass
2450903,56124371111231,6926186,691,R B R' B2 D B R' B R2 B' R,pass
2451049,56124371232323,9519533,1698,R D R' B' R D' B D2 R2 B' R,pass
2453803,56127433332323,8489576,706,R B2 R2 D2 B D' R B' D2 B R,pass
2454299,56132472333332,8633736,596,R B2 D2 R2 B D' R B2 D' B R',pass
2454381,56132473211111,8379735,558,R B D' B' D' R2 B2 D' R D' B,pass
2454402,56132473213211,8381167,529,R B2 R D B' D2 B D B2 D2 R',pass
2460364,56143273332323,10481536,762,R D2 R' B D B D' B R' D2 B,pass
2461223,56147231222132,18587170,1233,R2 B D' B R2 B2 D' R D' R' D,pass
2461341,56147231333213,11546715,738,R B R2 D2 B2 R B R' B D' R,pass
2461503,56147232233213,12028764,758,R B R' B R' B D R2 B2 D2 R,pass
2461575,56147232332213,12433138,967,R B D' R B' R B R2 D2 B2 R,pass
2461581,56147232333113,12045687,949,R B D2 R2 B2 D R B' R B' R,pass
2462315,56147322333233,10751297,711,R D R' D' B' D R2 B' R D2 R',pass
2464767,56173421113112,7026627,420,R B D2 B' D R' D' B2 R D' R,pass
2465936,56174232323333,9487466,681,R B' D B R2 D2 B R B2 R2 D',pass
2466351,56174321232113,11656670,818,R D R2 D2 B' D R' D' B D2 R',pass
2466936,56213471111111,9622803,543,R B D' B2 D B2 R' D R D B',pass
2468339,56213743313333,11303129,756,R B R2 B' D2 R2 B R B' R B',pass
2477700,56243173133111,10294729,677,R B' R2 B D2 B2 D R2 B D2 B',pass
2478392,56243713121333,10541546,84050,R B R2 D B D2 R' D B2 D2 R,pass
2479082,56247132333233,8669219,1297,R B D' R' D' R D2 B' D B2 D',pass
2481279,56271433111313,11576559,44083,R B2 R B2 R2 B' R2 D' R2 D2 B,pass
2481324,56271433123313,11288428,3083,R B2 R2 D' B R' B' D R D' R,pass
2481342,56271433132313,11867991,1271,R B2 R2 D' R D' B' R D B' D,pass
2483435,56274132331133,9208653,730,R B R D B2 R D' B2 R2 D' B,pass
2484129,56274312313211,13474955,783,R D R' D B D2 R' D R B2 R',pass
2489452,56321473233323,7682877,445,R B R' D2 R' D R B2 D' B D,pass
2489859,56321742211112,11462782,652,R D R D2 R' B R2 D' B2 D B',pass
2490380,56324171221331,7531522,420,R B R' B R2 D' B D' R2 B2 D,pass
2492540,56327411211332,7593302,418,R B R' B' D B R2 D2 B2 R D,pass
2493036,56327413213112,7503034,418,R B R' B2 D2 R' B R' B' R D2,pass
2493696,56341273121213,10989186,584,R D B2 D2 B R B R' D2 R' B,pass
2493723,56341273131212,9855798,528,R B' R2 D2 R B D R' B2 D B,pass
2496578,56347122333233,9858747,542,R B' R B D2 B' R B2 D' B2 D,pass
2496924,56347211213111,7766688,436,R B D R' B D R' D R2 D2 R,pass
2496944,56347211222132,7938167,422,R B2 R B' D R' B' D R' B R2,pass
2496996,56347211312111,7355037,395,R B R B' R2 B' D' R D B2 R',pass
2497043,56347211331131,7151949,383,R B R D' R2 B2 R D R2 D R2,pass
2497072,56347212111221,12932576,694,R2 B2 R' B R2 D' B' R' D2 B D,pass
2497074,56347212111311,9767247,532,R B' D' B R2 B R D' B' D2 R,pass
2497118,56347212123233,8970878,489,R B2 D' R B2 R' B' R B' D2 B2,pass
2497216,56347212232223,8625469,465,R B2 R D B2 D' R2 D B' R' D2,pass
2497314,56347213111211,9356123,504,R B' R' B R2 B D B' D' B2 R,pass
2497373,56347213131332,8205759,442,R B2 R2 D B R' D2 R' D' R2 D,pass
2507900,56423171231231,6907908,371,R B R' B' D B' R2 D2 B' R' D,pass
2507902,56423171231321,8429078,449,R B2 R2 D2 B' R D B' D B' R2,pass
2507956,56423171321321,7602938,413,R B2 D R2 D' B D' B R' D' R',pass
2508013,56423172112121,8663967,462,R B2 D2 R2 B R' D B2 R' D B',pass
2508310,56423173132121,7830904,420,R B2 R' B' R2 D R' D2 R D' B2,pass
2508318,56423173133111,8583739,469,R B2 D2 R2 B R D' R2 B R' B,pass
2513386,56432713122122,8995199,482,R B2 R' D B' R2 D' R B' R2 B2,pass
2519568,56712341232113,7860039,415,R B R' B' D R2 D R' B R2 B2,pass
2519992,56712343211123,8625997,499,R B2 R' B R2 B' D R2 B' R' B,pass
2524337,56721343123331,9287282,492,R B R2 B2 R' B R2 D' B2 D B,pass
2524946,56721432312233,10808600,573,R D R B' R' D R' D' R B2 R,pass
2526009,56723411113313,7984914,425,R B D R' D2 B2 D B R2 B R2,pass
2526012,56723411121113,8117185,441,R B D B' R2 B' D' B D B2 R',pass
2526039,56723411131112,7448922,402,R B R D' R2 D' R' D B D2 R',pass
2526108,56723411222312,7296830,391,R B2 R B' R D' B' D R' D R2,pass
2526270,56723412122312,7152730,393,R B R2 D2 R D B2 D R D2 R',pass
2526439,56723412323222,7826789,420,R B D R2 B' R B' R' B2 D R,pass
2526582,56723413221212,7544424,409,R B D2 R2 D B R2 B R B2 R',pass
2526588,56723413222112,7426970,401,R B2 R D' B R' B' D B' D R2,pass
2526687,56723413331111,7554266,405,R B R B' R2 D2 R B R2 B R2,pass
2530152,56732143122113,10428518,563,R B' R' D R2 B' R B' R' B2 R',pass
2532579,56741231121311,7862909,426,R B R2 B' D B D2 R' B' D R,pass
2532603,56741231131211,10198890,540,R D B2 D' R B D2 R' D' B R,pass
2532629,56741231211131,9903638,527,R D B R' D2 R D' R B' D2 R,pass
2532709,56741231311121,7579585,399,R B R B' R2 B D' R D' B2 R,pass
2532789,56741232111113,8676638,478,R B2 D2 R' D R B2 R2 D R D,pass
2533032,56741233111112,8574929,462,R B2 R2 D2 B D' B R' D2 R D,pass
2536474,56743212122222,9478429,500,R B2 R2 D' B R' B' D R2 B' D',pass
2536546,56743212221222,11242221,597,R D B2 D2 B' D' R2 B R2 B' D2,pass
2536707,56743213121213,11722037,622,R D B2 R' D R D B2 D2 R' B,pass
2536710,56743213121312,10185951,545,R B' R2 B' R D B D2 B2 D B,pass
2536901,56743213331333,11073721,585,R D R2 D2 R' B' R2 D R2 D' B2,pass
2536920,57123461111111,9134518,490,R B R' D2 R B2 D' R D R B',pass
2553990,57164322131312,8523217,451,R B R' B2 R D R2 D R' B' D,pass
2556086,57214361323232,7076637,383,R B R' D2 B D B' D R2 D' R,pass
2556939,57214632212213,15329315,809,R2 B R' D R B' R2 B' R2 B R,pass
2561729,57236141113232,7721198,421,R B D' B2 D' R2 D B' R' D' R,pass
2561909,57236141322233,7499963,404,R B R' B2 R' B2 R D' R' D' R,pass
2561918,57236141323232,10964635,582,R2 B D R' B2 R D' B R D2 B2,pass
2564091,57241631322113,6815839,363,R B R2 B2 D' B R2 B' D R2 D',pass
2564100,57241631323112,6604832,367,R B R2 B2 D' R D2 R' B R2 B',pass
2566094,57246131112233,8545740,460,R B D2 B2 R' D R' D' R B2 D',pass
2570704,57264132111323,9524768,511,R B2 R2 B R2 B R2 D' R B2 R2,pass
2577177,57321641311112,7912246,430,R B2 D' R B' D' R D2 R B D,pass
2577422,57321642311132,7941093,422,R B R' B D B D2 R2 D B2 R2,pass
2589027,57364212213311,10739209,567,R D B' R' D' B2 R2 D' R B' D,pass
2589105,57364212313211,9065862,485,R B R D2 R B2 R B' R2 D2 B',pass
2589391,57364213332122,7110330,380,R B R2 B2 D R' D B' D B D,pass
2622238,57642311113322,7930850,423,R B D' R D2 R2 D B D2 B R',pass
2624785,61234572231323,8727579,468,R B2 D R2 D' R D' B D' B' D,pass
2625033,61234573232213,7866712,426,R B R D2 B D2 B R' B R2 D2,pass
2626769,61235741313131,13796201,755,R B' D' B D R D2 R2 B' R B,pass
2636695,61257343232123,7833696,418,R B D' B2 D B' R B' R2 B2 D2,pass
2639162,61274351313131,10465588,554,R B D2 R B R2 D' B D2 B2 R,pass
2640094,61274532231323,8596722,462,R B R2 D2 B' R D B' R B2 D,pass
2651047,61352472233321,7340794,403,R B R' B D2 B R B R D2 B2,pass
2651070,61352472313211,14524230,783,R2 B' R2 B' D' B' D R2 B R' D,pass
2669037,61452731311313,10743435,580,R B' R' D' R D' R' B2 R' D' B,pass
2670327,61453721111111,9407899,502,R B D' R2 D B' R D B2 R2 D2,pass
2670489,61453721311112,7585532,406,R B D2 B' D B' D2 R D2 R' B2,pass
2670814,61453723111121,7490025,406,R B D B2 R2 D B R2 D2 B' D',pass
2673539,61472532123332,8386826,451,R B D R' D R' B D2 B' D2 R',pass
2673738,61472533112111,7102598,377,R B R B2 D2 R B' R' D R2 B2,pass
2680533,61527431111111,9831885,546,R B' R B D2 R' D R' B D' R2,pass
2683127,61534272311132,9783208,524,R B2 R' B2 R D' B R' B2 R B,pass
2683464,61534721112311,8452226,450,R B2 R' D2 R' D B' D2 R2 D' B,pass
2683470,61534721113211,7970099,426,R B D2 B R' B R' B D2 R' B,pass
2687094,61543271111111,10319391,552,R B' D2 R' B D R B2 R B' D,pass
2687109,61543271112311,8732897,461,R B' R2 B' D B2 D B2 R D B2,pass
2691160,61572432312323,7988173,423,R B R2 B' D B2 R' B' D2 B R',pass
2701556,61734523222331,10876689,571,R2 B R B' R D B2 D2 R' B' D,pass
2712319,62134572321323,10408338,555,R B' R D R' B2 D2 B D' R2 D',pass
2713375,62135471122121,8549308,463,R B2 R2 B' D' B R2 D' B D B2,pass
2713646,62135472132131,7370698,395,R B D R2 D' R' D2 B D2 B' D2,pass
2713862,62135473122131,7124307,381,R B R B' D2 R2 D R' D R2 D2,pass
2713870,62135473123121,9307437,508,R D R B' D B' D R2 D' B2 R,pass
2713880,62135473131131,8540448,459,R B2 R2 B' D B' R2 D R' D' B2,pass
2713888,62135473132121,8355607,442,R B2 D2 R2 D B D B' R B' R2,pass
2713973,62135473232231,7865693,418,R B2 R D2 B2 R' B D' R2 B2 D2,pass
2714029,62135473322321,8385689,458,R B2 D2 R' D' B R' D2 B D' R2,pass
2714678,62135743222331,8688983,458,R B R' B' R D' R2 B2 D' B' R2,pass
2714728,62135743312223,14525949,763,R2 B R2 B2 D2 R' B' D R' B R2,pass
2719702,62147353123121,8006170,431,R B2 D' R' B' D2 R B' D2 B' R2,pass
2719720,62147353132121,6769106,370,R B R B2 D' R B' D B' R' D2,pass
2723491,62154733321121,7149641,381,R B D' R' D B2 D R2 B' R2 B,pass
2723853,62157342132212,10161006,549,R B R2 B R D' B2 D' R' B2 D,pass
2726363,62173543232132,7883179,437,R B2 D R B2 R B2 D2 R B' D2,pass
2726498,62174351122133,10997225,596,R B R2 D2 B R2 B R D' B D',pass
2727840,62174533311212,9937474,525,R B D' R2 B' R B D' R2 B2 D2,pass
2732787,62317453112111,6957291,374,R B D B2 D B' D' R D' R2 B,pass
2732952,62317453312211,11205607,608,R D' R2 D' B R2 B D2 R B D2,pass
2739349,62351743112123,12862824,685,R2 D R' B R2 D R' B' D' B2 D',pass
2743152,62371453311311,9646514,516,R B D' B' D R B' D R2 D' R,pass
2744889,62374511322311,6805163,368,R B R' B2 D' B D R' D B2 R2,pass
2745187,62374513112321,8011399,455,R B' R2 B' R' D' R D2 B D' B2,pass
2745342,62374513312112,6502859,350,R B R B2 D R' D B2 D B' D2,pass
2753030,62435172211133,11709481,698,R D R' D2 B2 D R B D' R2 B,pass
2753111,62435172311132,12568836,719,R D B R2 B2 R D R D' B2 D',pass
2753554,62435711222222,7871053,441,R B R' D R' B R2 B2 R D R,pass
2758456,62453713311122,9927976,575,R B' D B2 R' B D B' R B2 R2,pass
2761112,62471532232133,8213334,447,R B R B2 R B D2 B' R' B2 D,pass
2763115,62475131322323,7922862,449,R B R' D B2 R' B2 R' D B' D',pass
2769179,62531472321233,8734248,483,R B D' B D R2 D2 B' D' R D2,pass
2775384,62543711211113,8558897,612,R B2 D' B' R' D2 B D' R2 D' R2,pass
2775465,62543711311112,7226175,469,R B R D2 B' R B' R D' R' B2,pass
2778656,62571432321233,10710182,605,R B' D' B2 D B' R2 D B2 D' R2,pass
2789769,62735143223213,9600074,536,R B' D2 B' R' B2 R' B D R2 B2,pass
2801563,63125741112323,14509101,812,R2 B R' B D R2 B2 D' R2 D B,pass
2802092,63125743131233,7709999,429,R B R' B D' R B2 R2 B R B,pass
2802111,63125743133312,8168080,463,R B D2 B D' R' B D' R2 B R',pass
2803734,63142571111111,8912968,480,R B R' D' B R2 B R B' R2 B2,pass
2803804,63142571132321,12401964,677,R2 B' D2 R B D2 B R2 B D' B2,pass
2804230,63142573112123,12051945,645,R2 B' R2 D B R2 B R2 B D' R2,pass
2812903,63172452312323,7186282,404,R B R B R D2 R B' R D2 B2,pass
2812908,63172452313211,14778303,842,R2 B' R B R' D2 R' D' R' B D2,pass
2815139,63174522332132,7844323,447,R B R2 D' R2 D B2 R' D R B',pass
2824922,63247511123132,7360991,408,R B D' B D' B' D' R B2 D B',pass
2826896,63251743133231,11101717,622,R D R' B2 D R' D R D' B2 D',pass
2845455,63452711311313,8530296,461,R B2 D2 R2 B R B' R2 D B' R,pass
2845768,63452712333221,8045860,444,R B2 R B D' B2 D B D2 B2 R',pass
2848493,63471522123131,9060439,480,R B' R' B' R D2 R' D2 R' D R,pass
2848655,63471522323132,9934675,554,R D2 B' R B' R' B D2 B D B,pass
2848673,63471522332132,8112880,478,R B' R' D' B R2 B' D2 B' D R,pass
2849957,63472512123332,8926003,490,R B R B2 R' D B2 R' B2 R B',pass
2853251,63512743313333,11542521,631,R B D' B R B2 D2 R' D2 R2 B',pass
2860689,63541271212211,13613321,799,R2 B D B' R B R2 B2 D' B' R,pass
2863304,63542713121333,12663099,717,R B' R B2 R D' R B' R' D2 B2,pass
2868905,63574212123131,7784256,497,R B R2 D2 R B' D' R2 D' R D',pass
2869041,63574212313211,12603339,722,R D' R B R B2 R D' B' R B',pass
2870424,63712542221111,8387520,505,R B R' B D B2 D2 R' B' R D2,pass
2871092,63714252123131,9774472,566,R B2 R' B2 R B' R D' B2 D B,pass
2871547,63714521112323,9479769,564,R B D2 R' D' R' B R' B R' B2,pass
2872001,63714522332132,7173490,382,R B R D2 R' D R2 B' R2 B D2,pass
2874607,63721541233322,8166630,441,R B D' R2 D' R' D' B D2 R' D,pass
2875692,63724153121213,11302180,658,R D B R2 D2 B D' R D' R D',pass
2876650,63725141112323,13950147,797,R D R2 B' R B R2 D2 B R' D',pass
2876788,63725141233121,9456249,538,R B R' B D' B D2 R B' D' B',pass
2876924,63725142123131,12774323,751,R D B D2 B2 D B R D' R2 D',pass
2877005,63725142223133,11558559,664,R D R' B2 D2 B R B R' D2 B,pass
2877156,63725143122113,10621779,614,R B2 D' R2 D R2 B' D B2 D2 B',pass
2877171,63725143123313,14931780,844,R2 B2 D2 B' D R' D2 B' R D' B2,pass
2878459,63741252222323,8857135,551,R B2 D B2 D' R D' R B' R' D,pass
2879111,63741522123131,9140903,516,R B R D2 R B R2 B' R' D2 B,pass
2880427,63742511232221,9050665,507,R B R2 D2 B' D B' R' D2 B2 R,pass
2881533,63745123122212,7741412,453,R B R2 D' B R2 B' D' R2 B2 D,pass
2882824,63751242221321,10815391,629,R B' D B R' B2 D2 B D' B2 D',pass
2883723,63751423122311,9540206,542,R B D' R B' R B' D2 B D2 R',pass
2883924,63752141111111,11598241,666,R D R' D B' D R2 D2 R D' R',pass
2883963,63752141122211,9762704,540,R B' R2 D R' B' R B R' B D2,pass
2883972,63752141123213,7640779,432,R B R' B2 R' D B2 D2 B' D2 R,pass
2884394,63752142332132,7056478,392,R B R D2 R' D' R2 B D2 B' D2,pass
2884459,63752143123223,7393746,422,R B D R2 B2 R' B' R' D R2 D2,pass
2884507,63752143212323,7243250,424,R B R B2 R2 B D R' D B' R',pass
2884537,63752143223123,8500930,482,R B' R2 B D B2 R2 D2 B D' R',pass
2884782,63752411223212,7426632,418,R B R D' B2 D' B D R D2 R2,pass
2884890,63752411333213,12513679,737,R2 B2 R' B R D' R2 B2 R B2 R,pass
2885074,63752412312323,9683835,591,R D B2 R2 D B' R B' R2 B D',pass
2885094,63752412322112,7773319,452,R B D B' D2 B' R D R D2 R2,pass
2885130,63752412333113,12482653,698,R2 B2 R' D R D' R2 B2 R D2 R,pass
2886634,63754213122122,8129364,452,R B R' B D' B2 D B D2 R' D,pass
2888358,64125371131313,12773881,712,R B' D2 B R' D R' B2 R' B R',pass
2899308,64157321133212,16953408,984,R2 D R2 B2 D' R' D B' R B2 R,pass
2909117,64231572311132,9332848,523,R B D R2 B' R' D2 R B R2 B,pass
2916022,64257131113223,8277928,462,R B D B2 R2 D' B R' B' D2 R2,pass
2918784,64271533221212,8801913,481,R B2 D' R2 B D' R' B D' R D',pass
2920468,64275131212223,9933334,553,R B D2 R2 B' R' D B' D R2 D,pass
2920546,64275131312123,9593869,553,R B R' D R' D B2 R D' R' D',pass
2920700,64275132211133,11864118,666,R D B' D2 R2 D B R B' R2 D,pass
2920763,64275132232133,11484220,666,R D R B2 R2 B D R B' D2 B',pass
2920995,64275133231112,10867981,601,R B2 D' B2 D R2 B' R D2 R2 D',pass
2921034,64275133312211,9142005,512,R B D2 R' B D B2 R2 D R' B',pass
2921120,64275311112332,8763676,472,R B2 R2 B R' B2 D R2 D B2 D2,pass
2921224,64275311222222,7593660,426,R B R D2 B2 R' B D' B' R2 D2,pass
2921763,64275313312211,8099752,458,R B D2 B2 R2 D' B' R B' R D2,pass
2926451,64321572111131,9734764,530,R D2 B' R B R D2 R D' B' D,pass
2926514,64321572132131,8088503,454,R B' R2 B R D2 B2 R B D R2,pass
2926613,64321572311132,9068425,526,R B' R2 B D R2 B2 D R B R2,pass
2928910,64325713121222,16164562,896,R2 B D' B R' D' R D2 R B R',pass
2930888,64351272132131,8118539,439,R B D2 R' D2 R B2 D' B D B',pass
2934651,64357212313211,9316843,551,R B D B2 D R2 D B' R2 D2 B',pass
2934853,64357213231322,11270873,652,R D2 B R2 B' R B' D R' B' D',pass
2934885,64357213312211,10299927,573,R D R' B' D' B2 R2 D' B R' D,pass
2948169,64531271212211,13166392,748,R2 B R2 B2 D R' D' B D2 R B,pass
2948384,64531272132131,7413935,406,R B D R2 D' R D2 B' R2 B D2,pass
2948600,64531273122131,7264771,442,R B R B' D2 R2 D R' D' R2 D2,pass
2948608,64531273123121,9522255,564,R D R B' D B' D R2 D' B2 R',pass
2948730,64531273311311,7967294,498,R B R D' R D B2 D2 R' D' R,pass
2948736,64531273312211,7410499,455,R B R B' R D2 R' D R' D R2,pass
2953948,64572131122223,8071875,483,R B R' D2 B D' B' R' D B2 D',pass
2958777,64713253112111,6932483,386,R B D R' B2 D' R B' D' R B2,pass
2974335,65123471112311,7831299,428,R B R' D' R' D2 B2 R' B R' B,pass
2974478,65123471233232,6790990,394,R B R' B D R2 D R' D' B' D2,pass
2974740,65123472312311,8139550,512,R B2 R B R' D2 R B D2 B2 R',pass
2978784,65132471212112,8461912,482,R B D' R D' R' B R2 D' B' R',pass
2978811,65132471222111,8180121,480,R B R' B D' B' D B2 R' D' R',pass
2978836,65132471231321,9414016,508,R B' D2 R D2 R' B R' D2 R' B,pass
2978902,65132471323121,9066846,506,R B' D' B D2 B R' B' R D2 R2,pass
2978996,65132472131231,7371232,441,R B R B' D2 B' D B R D2 R2,pass
2979032,65132472212231,12210151,701,R2 B2 R B R2 B' D2 B D' B' R2,pass
2979097,65132472233321,9660574,570,R D B2 R2 D R' B R' B2 R D',pass
2979188,65132473111331,9416208,531,R B' R2 B R B2 D' B2 R B R',pass
2979366,65132473313312,7657005,417,R B R B2 R B' D B2 D R2 B,pass
2979393,65132473323311,7833597,443,R B R2 D B2 D B' R D2 R B,pass
2979556,65132741223323,7628809,447,R B R' D' R B' D B2 R2 D' B',pass
2980034,65132743222331,9559169,540,R D B' D' B' R D2 B' R B2 R',pass
2981039,65134721233232,8615655,483,R B2 D' R2 D R B2 D2 R' B' R2,pass
2986857,65147321232113,11030294,620,R B' D R2 B' R B D' R D2 R2,pass
2988242,65172431132333,9324670,515,R B2 R B R2 B D' R' B2 D2 R',pass
2990648,65174232123131,8113266,443,R B R2 D2 B R' B D' B2 D B',pass
2990679,65174232133313,8055592,465,R B R B' D2 R' B D R B2 R2,pass
2990814,65174232323312,8946326,494,R B2 R' B D2 R' B' D' B2 R D,pass
2991054,65174233323212,8891708,571,R B2 R' D B2 R' B' D' R2 B D,pass
2991063,65174233331213,8465626,506,R B D R' B2 D' R D R B2 R2,pass
2991513,65174322313211,8690442,468,R B R B2 R B2 R B' D2 R2 B',pass
2991700,65174323223123,8513684,471,R B2 D' B' D2 B R2 D' R D R2,pass
2992545,65213741111111,9501925,540,R B D' R2 D B' R D' R2 D2 B2,pass
3000564,65241371111111,9111933,526,R B2 R B' D R D2 B' R D R2,pass
3003028,65243712121322,12045844,657,R B2 R D2 R2 D B2 R D2 R2 B2,pass
3005171,65271341332331,8872030,482,R B R2 D2 B R' B D' B R' B',pass
3006050,65271432231233,9065325,491,R B R B' D R' D R2 D B D,pass
3007854,65274131111111,10726882,610,R B' R D' B2 D B2 R' D B D,pass
3008022,65274131311313,7435884,411,R B R D' R B2 R' D2 B R' B,pass
3008028,65274131312213,8384940,479,R B2 R B' R D R2 B' R D R,pass
3008150,65274132123332,8081049,490,R B D R' D R' B D2 B' D2 R,pass
3008407,65274133132223,8038604,457,R B2 R B2 R2 D R B D' R2 D',pass
3008491,65274133232321,7244790,406,R B D' R D' B R2 B2 R B' R',pass
3008515,65274133312223,7882527,450,R B R D' R2 B R D' R D2 R,pass
3011177,65314272311132,7476376,418,R B R B' R2 B' D' R B2 R2 D',pass
3011196,65314272313211,12443593,684,R D' R B' R' D R2 D B D B',pass
3013930,65321472111122,9560597,527,R B D B2 D' B R2 D' R2 D B',pass
3030597,65417321232113,7783038,449,R B D R2 B2 D R D2 B2 R' B',pass
3031066,65417323223123,7163391,430,R B D2 B' R B' D2 R B2 R' D2,pass
3031084,65417323232123,7775982,431,R B D' B2 D B' R B D2 R2 B2,pass
3034051,65423713321322,8668600,487,R B R2 D2 B2 D' R D' R B2 R',pass
3037651,65432173232321,8471185,487,R B' R2 D' B R B R2 B D' B',pass
3039996,65471231132213,10156964,558,R B2 R B R' B R2 D' R B R',pass
3048562,65714323223123,8314156,473,R B2 R D' R2 B' R' D' R2 D' R,pass
3050817,65723143321313,7760068,433,R B R2 B R' B' D B' D2 R B',pass
3055474,65732411333123,16553834,937,R2 B D2 R2 B2 D R D' B D' R,pass
3059709,65742311212313,7614526,419,R B2 R' B2 R' B R2 D B2 D B2,pass
3066981,67132541133311,13521875,829,R D' R2 B2 R' B2 D B2 D2 B D',pass
3074757,67145323133312,8512250,478,R B2 R2 B D' B2 R B2 R B2 R2,pass
3078539,67154233323332,12562581,729,R B D' B R2 B2 D' R D' R' D,pass
3082934,67215343333133,10505314,606,R B R2 B D2 B' D R' D' B2 R2,pass
3084606,67231541323112,9893061,593,R D' B2 R D' B R' B' D' R B2,pass
3085093,67231543323122,9930739,591,R D' R2 B D' B D' R' D' R D2,pass
3086569,67234513332122,7764016,428,R B R2 B2 D R' D B' D B D2,pass
3091147,67245131313323,8089404,479,R B D R2 D' R' D2 B D' B' R',pass
3091704,67245311112311,11974786,650,R D R' D B R2 B R2 D2 B D,pass
3091766,67245311133233,9673708,571,R B D' R' D2 R' D' B2 R D2 R',pass
3096119,67254311131133,12994550,764,R2 B D2 B' D2 R D' R2 D B D',pass
3096711,67254313311113,8047663,474,R B R' D R2 D' B D' R B D2,pass
3097195,67312452233321,8267536,449,R B D2 B' D B2 R' B' R2 B R',pass
3097552,67312541121221,8039856,429,R B D R' B2 R' B R2 D R' B,pass
3097872,67312542221111,10261956,631,R B' R' D2 R B' R2 D R2 D' R2,pass
3101167,67321451111123,7766816,463,R B R' B R' D' B2 R2 D' B R,pass
3101181,67321451112311,8345879,609,R B D' R B2 R' B R' D' B R2,pass
3101259,67321451212211,13531792,793,R2 B R' D' R D R' B R2 B' R,pass
3101330,67321451311133,8687610,520,R B D' B' R D' R B2 D' R' D2,pass
3101410,67321452111122,8081051,466,R B R D' R D' B D2 B' D2 R',pass
3101676,67321453113311,9059500,509,R B2 R' D' R' D B2 D B2 D' R2,pass
3102284,67321542232133,8571166,472,R B D B2 R' B' R2 B D R2 D,pass
3105907,67341252222323,9113539,537,R B D2 R2 B' R B R' B R2 D,pass
3108087,67342512222113,9184795,510,R B R' B R B' D2 R D' B R',pass
3108827,67345122223133,11996969,694,R D B' R2 D2 R D B R' B2 D,pass
3108845,67345122232133,11575466,649,R D R D2 R2 D R D B' R2 B',pass
3109186,67345211111123,7752148,437,R B R' B R' D' B2 R2 D' B R',pass
3109187,67345211111132,8362701,478,R B2 R2 D2 B D' B' D R' D R2,pass
3109199,67345211112233,8054503,474,R B2 R2 B' R B D' B2 R2 D' B,pass
3109210,67345211113322,7808874,456,R B D' B' D R2 D B' D R2 D',pass
3109267,67345211211122,8668117,495,R B2 R2 D2 R' D R D2 R2 B2 R',pass
3109349,67345211311133,8541698,462,R B2 R B' R2 B' R2 D B2 D' B,pass
3109429,67345212111122,7834296,414,R B R D' R D' B D2 B' D2 R,pass
3109673,67345213111133,9221818,525,R B2 D2 R2 B' R D' R D2 B' R,pass
3112830,67354121111111,8961249,514,R B R B2 R B R2 B R B R',pass
3113650,67354211212121,8807593,515,R B R' B2 R D' B2 R D B D2,pass
3113739,67354211313113,12861424,734,R2 B2 R' D B D' R2 B2 R B2 R,pass
3113793,67354211333111,12810625,740,R2 B2 R' B D B' R2 D2 R D2 R,pass
3113806,67354212111221,8912165,494,R B2 R' B R2 D' B' R' D2 B D,pass
3113896,67354212212222,8361456,480,R B D R2 D B D B' R2 D' R2,pass
3113966,67354212311132,8456584,470,R B D2 R2 B R' B R' D2 R B',pass
3114051,67354213111313,10296092,619,R B' D R B2 D' B2 R D R2 D',pass
3114105,67354213131311,9822960,584,R B' R D B2 R' D2 B D B2 D',pass
3114128,67354213211132,8346531,493,R B2 R' D' R D2 B' D' R' B R2,pass
3114233,67354213313333,8407379,472,R B D R2 D B2 D B' R' B R2,pass
3114838,67412353132121,9696257,524,R D2 R' B2 R' D B' R2 D2 R' D,pass
3115003,67412353332221,7553839,417,R B D' B2 R2 B D2 B R2 D R,pass
3115073,67412531131133,9243122,505,R B D2 B2 R B' R' B D2 R D,pass
3126177,67435121332112,6997515,402,R B D2 R' D2 R' B D' B2 R2 B,pass
3126484,67435123123121,7031403,438,R B D2 R' D2 R' D R' D2 B2 D,pass
3130277,67452313321232,9936239,573,R B2 R D2 R2 B R' B' R B' R,pass
3149908,71234563231322,9335277,518,R B2 D B' R D B' R2 D2 B D,pass
3163369,71263541333222,11823067,707,R2 B' R2 D B D2 B R2 B R' B2,pass
3163582,71263542323123,11938806,709,R2 B' D2 R B R2 B D2 B R' D2,pass
3165136,71264533131323,11991541,660,R B R2 B R2 B' R D2 B' D2 B,pass
3165190,71264533221323,11832358,712,R B R2 D B' R2 D2 R B' R' D2,pass
3165214,71264533231223,13851597,858,R B' D R2 D' R D' R D R' B2,pass
3165216,71264533231313,12627096,697,R B D2 B' D2 B D' R2 D' R D2,pass
3169779,71326451211311,7756755,439,R B2 R' D' B' R D2 B R' D B',pass
3170242,71326453132121,7581557,432,R B2 R' B2 R' B R' B2 D2 B' D,pass
3171147,71326543333313,11222934,605,R B2 R2 B R2 B2 D2 B R2 B2 D',pass
3172916,71345262132131,8749361,481,R D B2 R' D2 R' D B' D2 R2 D,pass
3180408,71362453113311,9218824,571,R B R' D' R D R' B R2 B' R,pass
3184251,71365423331312,10625187,597,R B2 R2 D2 B' D2 B' D' B R' B',pass
3184862,71423563213232,8735763,489,R B R' D2 R' D R2 B' D2 B R',pass
3185591,71423653213232,8193839,492,R B' R' D' R B2 D' B R2 B' D,pass
3187848,71426353312211,8732558,554,R B2 R D R2 D' R' B2 D B R,pass
3188641,71426533333223,9871726,570,R B2 R' D B' D B2 D2 R2 B' D',pass
3188797,71432561232323,8819369,513,R B' R B2 R' D2 B R' D' B' R,pass
3188858,71432561323232,6877914,382,R B R D' B2 R B2 R' D B' D,pass
3188893,71432562111221,8221176,489,R B2 R' D' B' R D2 B' R2 B R2,pass
3189279,71432563232213,8753954,490,R B2 D B R2 D2 B D' R B2 R',pass
3189339,71432563323113,7410033,442,R B D2 R' B R2 D R' D' B' D,pass
3189340,71432563323122,7952103,488,R B2 D R B2 D2 R B' D B2 D',pass
3189357,71432563332113,7467654,466,R B R2 D' B R2 D B' D' B' R,pass
3190307,71435261322233,10221137,604,R B2 R' D R' B R' D R' B2 R2,pass
3190465,71435262222122,9267053,540,R B R D' B2 R' B R' D R' D',pass
3190672,71435263211123,10852315,645,R B2 R B' R B' R B' D' B2 D2,pass
3190753,71435263311122,10138027,585,R B2 R B' D B' R D' R' B2 R2,pass
3190826,71435263333133,10327119,577,R B2 R2 B' R D2 B' D2 B R2 D',pass
3190828,71435263333223,10425716,560,R B2 R2 B' D R2 B' D2 B D2 R',pass
3191561,71435623333331,10177378,592,R D2 R2 B2 D' B' D B' R2 B D',pass
3192282,71436253333112,11178624,770,R D' B R' B R2 D R' D' B' D2,pass
3193610,71452363213232,7994775,527,R B2 D R' B D B' R2 D2 B R,pass
3194111,71452632222131,10679210,674,R D R' B R' D R' D2 R B2 D',pass
3194842,71453262222221,8555339,601,R B2 R' D B D R' D2 B D' B',pass
3195856,71453623311122,11646564,705,R D B2 D' B D' R B2 R' D2 R,pass
3196870,71456321322323,8098208,453,R B2 R D R' B2 D2 R D2 R' B',pass
3196912,71456322111221,8479679,518,R B2 R' D' B' R' D2 B D2 B' R2,pass
3198148,71462531113322,10160330,680,R D B' R2 D R' D' B' D2 B2 R,pass
3198369,71462532111212,8760645,531,R B D R' D2 B D' B2 R2 D R',pass
3198393,71462532121112,9044159,521,R B2 R B R2 D' B2 R D B R',pass
3198613,71462533111223,10873490,675,R D2 B' D R2 D2 R' D R2 B' R2,pass
3198717,71462533221113,8903169,540,R B2 D' B D2 B2 D' R D2 B' R2,pass
3200287,71463523331222,9093847,507,R B D2 R2 B' R B' D' B2 R2 D,pass
3202314,71523463131311,11560691,627,R B2 R B' R2 B' D B2 R B' R2,pass
3202395,71523463231313,11965637,637,R B2 R2 D' B D' B' D R B' D,pass
3202476,71523463331312,11402619,648,R B2 R2 D' R B' R' D R B' R,pass
3206744,71532463221332,8806293,471,R B R D2 R D' R B' D B D,pass
3207883,71534262122222,11167337,648,R D R D2 B2 R D' R B' R D',pass
3211801,71542633132322,8596791,483,R B R2 D' R2 D R2 B' D B R',pass
3212948,71543622111131,7275438,416,R B R D2 B2 D' R' B2 R' D2 R,pass
3213190,71543623111121,8090566,517,R B2 R' B R2 B R2 B2 D' R D',pass
3214137,71546233331213,11096766,718,R B D R' B2 R D' R D R' B2,pass
3214542,71546322231212,11502001,669,R B R' B R' D B2 D R' D B',pass
3216155,71562433123232,8293826,623,R B D B' D2 B' D R2 B R' B,pass
3216946,71563243221221,9305928,624,R B D' B2 R D' R D R' B2 R',pass
3223496,71625433213133,14877624,872,R2 B D B' D B' R B' R B2 D,pass
3229851,71643252231212,11315997,601,R B D2 B2 R' B R' D' B R B',pass
3230904,71643523331213,11636218,660,R B D2 B' D2 B' R D R' B D2,pass
3237177,72134562312212,10520072,565,R B2 D' R2 B D' R B' D B' D,pass
3240608,72136541322233,7806436,439,R B D2 R' D2 B D' R' B D' R2,pass
3241745,72143563222331,7892693,450,R B D' R' D R D' B R2 B' D,pass
3241890,72143651121113,7934113,438,R B R' D' R2 D' B2 D R' B' R',pass
3241917,72143651131112,8447422,455,R B D' B' D2 B' D2 B D' B' R',pass
3241962,72143651213111,7681257,415,R B R2 B' D B' D R2 B2 D2 B,pass
3242034,72143651312111,7557074,402,R B R B2 D2 B D B' R2 D2 B,pass
3242112,72143652111311,7696724,417,R B R D2 B' R D' B' D2 R B',pass
3242352,72143653111211,7658782,407,R B R2 B R D' R B D B2 R',pass
3243478,72145631233223,7532366,405,R B R' B' D R2 D R' D' B D,pass
3243956,72145633232231,7559771,408,R B R' D' R D2 R B' D' B D,pass
3243982,72145633312223,12223222,645,R D2 B R' D B R2 D' R D B2,pass
3244441,72146352232223,9036080,488,R B R2 B' R2 B R' D R B' D2,pass
3250165,72163452122222,11211346,609,R D R2 B' D B D R2 D2 B' R,pass
3250398,72163453121213,9433209,503,R B2 R2 D' B D' B' D R2 B' D',pass
3250425,72163453131212,10659686,585,R D R2 D2 R' B' D2 R D2 R' D2,pass
3250448,72163453133333,9119576,486,R B2 R2 D' R B' R' D R2 B' R',pass
3250592,72163453331333,11230776,593,R D R2 D2 R' B' R2 D R2 D' R2,pass
3251880,72164353131113,10952898,597,R B2 R D R' B D' B2 D' B R',pass
3253553,72165431113331,7806947,436,R B R' B D' R2 B2 D R B R',pass
3253770,72165432111113,8114929,466,R B2 R2 B R B' D' B D' B' R,pass
3253771,72165432111122,10794046,618,R D2 R' B2 R B' R' B D2 R D2,pass
3253851,72165432211112,8873338,501,R B2 R' D2 R D' R' D B2 R D2,pass
3253983,72165432323312,7845788,449,R B D2 B' R B' R2 D2 B' R' B2,pass
3254013,72165433111112,7628037,443,R B R2 B' D B D R' D R' D2,pass
3254048,72165433121333,8428576,485,R B2 R2 D2 R D' B2 R B D2 R2,pass
3254126,72165433221233,8025414,460,R B2 R' B R' B2 D2 B' R' B2 R',pass
3254173,72165433233323,8676161,501,R B' R B R' B2 D R2 D R' D,pass
3254206,72165433321223,7459750,444,R B R' D2 B2 R B' R' B D' B,pass
3254232,72165433331213,8226758,487,R B D' B2 R2 D' R D R B2 D2,pass
3260817,72345611111111,10622509,600,R B' R2 B' R' D' R D2 B D' B,pass
3260889,72345611133113,7300781,421,R B R B2 D' R2 D R2 D2 B' D,pass
3260929,72345611221223,6638216,373,R B R D2 B' R B2 R' D R2 D2,pass
3260938,72345611222222,7205066,399,R B R' B2 R' D' B2 D B' D2 B2,pass
3261041,72345611331332,7774349,425,R B2 D' B' D B' R D2 B' R B',pass
3261096,72345612122111,8315094,454,R B2 D R' B2 D' R B R' D B,pass
3261284,72345612331331,6579017,372,R B R B' R2 D R' D2 R B2 R2,pass
3261415,72345613221221,7011430,388,R B D2 B R2 B' R2 B' D B D2,pass
3261545,72345613333331,8864565,494,R B' D' R D' B' R B2 D' B2 D,pass
3265936,72356141112323,8523968,474,R B R' D2 R B' R B R2 D2 B',pass
3266064,72356141232113,7868571,443,R B R' B' D R2 D R D2 R2 B',pass
3266488,72356143211123,7535110,412,R B R D2 R2 B2 R' B' D B' D,pass
3268016,72361453232333,7565861,416,R B R B2 D' R D' B' R2 D B',pass
3268589,72361542333233,13522603,763,R2 B D R' D R B2 R2 D' R' B,pass
3271386,72365412222212,8271530,476,R B R2 B R D2 R' D' R2 B D',pass
3271542,72365413121312,11768862,676,R D' R2 B R B2 R' D' B2 D' B',pass
3271566,72365413131212,8599992,472,R B R2 D2 R' B' D' B D2 R' D,pass
3271733,72365413331333,8766577,485,R B2 R D' B D2 B' D2 R D' B',pass
3278310,72435163333313,12424593,702,R D' B D' R2 D' B' D' B R2 D,pass
3290128,72513641232323,7851574,417,R B R2 B' D2 R2 B R' B' R2 B',pass
3290137,72513641233322,9154744,500,R B' R2 B R' D B2 R' D2 R D2,pass
3292591,72516342313223,8524088,457,R B2 R B R2 B' D' B2 R B R,pass
3294302,72531463321232,9381768,525,R B' R2 D B2 D' R2 D' B' D B2,pass
3295648,72534163211123,9779581,527,R B2 R D B2 D' R' B2 D B D,pass
3298728,72541631111213,8032256,433,R B D2 B' D B2 D B2 D2 R' B,pass
3298731,72541631111312,8930679,478,R B' R B R2 D' R D' B D2 B',pass
3298736,72541631112131,8360855,442,R B2 R2 D2 B R' B R' D2 R B,pass
3298744,72541631113121,8686811,466,R B2 D2 R' D B R2 B2 D R B,pass
3299022,72541632131111,7673843,410,R B R D' R2 D R' B D' B2 R,pass
3299238,72541633121111,9515063,530,R D R D' R2 D B' D B' D2 R,pass
3299859,72543162311111,7318452,402,R B R2 B D' B D' B R2 D' R,pass
3300021,72543163211111,8127548,442,R B2 R' B2 R' D R' B2 D2 B' R,pass
3300295,72543611221223,10729887,574,R B R D' R2 B2 R' B' R D2 B',pass
3300313,72543611223221,11239408,607,R B D' B D' R2 B2 R D B D2,pass
3300407,72543611331332,12691848,669,R B' D B R' B R2 D2 B' R B2,pass
3300416,72543611332331,11396423,605,R B2 R D B D2 R B' D2 B' R,pass
3300650,72543612331331,10786317,578,R B R2 B2 R' B R2 D R2 D2 R,pass
3300737,72543613132232,13747793,768,R D R' D R' B R2 D2 B2 R B',pass
3300745,72543613133222,11103230,606,R B R' D B' D R2 B2 D2 R B',pass
3300781,72543613221221,11603788,622,R B2 R2 B D2 R' B D2 B2 D' R',pass
3300801,72543613223312,12807821,708,R B' R' B2 R D2 R' B D2 B D',pass
3300873,72543613322312,13243538,712,R B' D' B2 D B2 D' R D2 R D',pass
3301848,72546311323112,7571920,400,R B2 R D R2 D2 R' B R2 D' R',pass
3302337,72546313323212,8465401,453,R B2 R' B' R' D' R2 B R2 B' R2,pass
3302797,72561342313223,11379782,616,R D' B2 D' B D2 B R2 D R D2,pass
3303442,72561432213122,13469121,712,R B' R D2 R2 B' D B' D' B R2,pass
3303698,72561433221233,11938550,651,R B D R2 B2 R' D B' D' R2 B,pass
3303752,72561433311233,15367050,845,R D2 R2 D R' D R' B R' D B2,pass
3303776,72561433321133,12810899,693,R B2 R2 B D' R B' D R' D B2,pass
3303778,72561433321223,12640360,660,R B2 R2 B' D2 R' D R2 D2 R' D',pass
3304560,72563411111213,7909944,441,R B R' D2 R' B2 D R' B' D R',pass
3304563,72563411111312,7766814,427,R B R' B2 R' B D B2 R' B R,pass
3304568,72563411112131,10675037,572,R D2 R' D R D B' D B' R2 D,pass
3304576,72563411113121,8481363,468,R B2 R' D B R B' D R' B2 D,pass
3304854,72563412131111,7695586,411,R B R2 B' R D2 R B2 R2 D' B',pass
3305070,72563413121111,7588834,401,R B R D' B2 R B' D R' B D2,pass
3318261,72643513212311,7976444,438,R B D' B R2 B' R B' D' B D2,pass
3318263,72643513212332,7405152,399,R B2 R' B' D' R D2 R D2 R' D2,pass
3326258,73125463133132,8864038,488,R B R' B2 D B' R B D' B2 D',pass
3332525,73146522113231,7201188,383,R B D B D2 B D B2 D2 R' D',pass
3349686,73246153312211,7696581,412,R B D R2 D2 B2 D' R' D B' R,pass
3371524,73456123231322,8781605,458,R B R D B' D2 B R' B R' B',pass
3380337,73516243323113,7617988,403,R B R B2 R2 D' B D' R2 B2 D',pass
3380357,73516243332131,8125178,434,R B D B2 R2 D R' D R' B R',pass
3385911,73541262321212,10167799,541,R B R B2 R B R B2 D' R B,pass
3387611,73542163321133,10206633,554,R B2 R2 B D2 B2 R2 B D2 B2 R',pass
3388213,73542613132121,7440906,399,R B D R' B2 D2 B R' B' D2 B2,pass
3388219,73542613132322,7600638,406,R B R B2 R' D B2 R' B2 R B2,pass
3394177,73564213321322,9832241,531,R B2 R B2 D' B' D R' B R' B,pass
3395698,73614251112323,10122094,543,R B D B2 D B' D' R D' R2 D',pass
3397156,73615241112323,13427615,721,R B' R B2 D2 R2 B R' B R' D,pass
3397165,73615241113322,10975159,589,R B' R D2 B2 R2 D B' R B' R,pass
3397511,73615242223133,10678925,578,R B2 D' R D R B2 R2 D' B D,pass
3397677,73615243123313,10095082,540,R B2 R2 B' D R2 B' D2 B R2 D',pass
3397731,73615243213313,10438325,615,R B2 R2 B' R B2 D' B2 D B2 R',pass
3397848,73615243331312,10163750,572,R B2 R2 B' D B2 R' D2 R B2 D',pass
3397857,73615243332311,10532531,629,R B2 R2 B' R D2 B' D2 B D2 R',pass
3397894,73615421113322,7896889,530,R B D2 R2 B2 R' D' B' R D2 B',pass
3398457,73615423213211,10494341,583,R D2 R' D R B D' R2 B R' B',pass
3398597,73615423333331,8317076,458,R B2 R' B D B R' D2 B R' D',pass
3401300,73624513121132,13455243,719,R D2 B' D2 R D' B R' B R' D,pass
3401498,73624513332131,12073833,671,R D2 B' D2 R D' R D' B D' B,pass
3401530,73625141112323,9902892,549,R B R2 B' R2 D2 B D B' D R2,pass
3402030,73625143121213,8408569,461,R B R B2 D2 R D' B R' B D',pass
3402240,73625143333313,8778756,525,R B R' B D2 B R2 D' B R' D',pass
3402610,73625412222323,8625764,477,R B D2 B2 R B' R2 D B R2 D2,pass
3405159,73642511111111,11384186,603,R B2 R' D' R D2 B' D' R D' R2,pass
3405182,73642511113232,9777708,545,R B' D' B2 R D R2 D' R' B2 R',pass
3405184,73642511113322,9739152,556,R D R' B2 D R' B' R' B2 R2 D,pass
3405775,73642513223222,10642019,582,R D2 B' D B2 D2 B' R D2 B' D2,pass
3405909,73645121113211,9615095,824,R B D2 R' B' D2 B' D' R2 B D,pass
3406254,73645122222311,9189355,550,R B D B D R' D2 B D2 B R2,pass
3406743,73645211223113,6995541,415,R B R D' B2 D B' D2 R D' R,pass
3406752,73645211231111,8945856,513,R B' D R2 D' R D' B R2 D2 B2,pass
3406806,73645211321111,6996702,390,R B R2 B R' B D R2 B' D R',pass
3406842,73645211332112,7277257,442,R B D2 R D' R D2 R2 B' R B2,pass
3407117,73645213112231,7556317,437,R B D2 R' D R D2 B R B' D',pass
3407337,73645213333112,8018208,436,R B2 D B' D B R2 D' B D' R',pass
3407371,73651241113322,8445951,469,R B2 R' D2 B2 R' D R D' B2 D,pass
3410106,73652413211312,9033954,484,R B R' B R' B D' B2 D B2 R',pass
3410242,73652413331321,10149461,562,R B2 D B2 D B R2 D' B D' R2,pass
3410506,73654122111122,11248935,701,R D' R2 B R2 B' R' D2 B2 R B',pass
3410613,73654122221111,7827326,471,R B R2 B R' B R' D' B2 R B',pass
3410993,73654211111132,9231654,521,R B R2 B' R2 D2 B D B' D R,pass
3412417,74123563323221,7238948,410,R B R B' D2 B' R B2 D R' B,pass
3412891,74123652322121,11238518,667,R B D2 B2 D' R D2 B R2 B2 R',pass
3413003,74123653132232,14385277,811,R D2 R2 D B' R B' R B' R B2,pass
3413009,74123653133132,11700646,685,R B2 R2 B' R2 D' R D2 R2 D' R',pass
3413011,74123653133222,11587927,632,R B2 R2 B R' B R' D B' R B2,pass
3413012,74123653133231,10672304,568,R B R D2 B2 D' B R' D' R2 B,pass
3414093,74125631313311,7662525,414,R B R2 B D2 R2 B R' B' R B2,pass
3414178,74125632121121,8009329,434,R B2 R' B D' B R2 D' B' D B',pass
3414186,74125632122111,7419270,419,R B R' B2 D2 B' R' D2 R D2 B',pass
3414204,74125632131111,7657065,453,R B R D' R2 D R' B D' B2 R',pass
3414347,74125632321332,7436142,406,R B R2 D2 R B2 R' D B R2 D',pass
3414420,74125633121111,9362260,589,R D R D' R2 D B' D B' D2 R',pass
3414452,74125633131233,7290410,398,R B R' D2 R' B' D2 B R' D2 R2,pass
3414461,74125633132232,6630024,373,R B R B2 D' R B2 R' D B2 D2,pass
3414469,74125633133222,7010264,398,R B D2 B D2 B' D2 B' D R D2,pass
3414471,74125633133312,9333125,512,R D R' D2 R' B' R2 B R' D2 R2,pass
3414625,74125633332323,8767166,482,R B2 D' B' D2 R B R2 B2 R' D',pass
3415114,74126352333122,10349703,652,R D' R B D2 B2 R2 D' R' B R2,pass
3416288,74132561321231,9732993,586,R B' D' R2 B D R2 D' R' D2 R',pass
3416365,74132562121121,9041229,482,R B2 D B2 D R B D R2 D B',pass
3416373,74132562122111,8464243,472,R B D2 R' B' D' B2 R D' B2 D,pass
3416638,74132563131221,10424181,627,R D2 B' R B2 R2 B' D R2 B' D2,pass
3416643,74132563132112,8503473,480,R B2 D' R B2 R2 B' R D2 B' D2,pass
3420181,74136522322121,10511947,598,R B R' D B2 R D' R2 D' R B',pass
3421022,74152363132232,10337856,608,R B R2 D B D2 B2 R' B' D' B2,pass
3421028,74152363133132,10407588,608,R B R2 B' D2 B R' D2 R' D R2,pass
3421030,74152363133222,11757808,678,R B' R B2 R' D B' R B D' B2,pass
3421031,74152363133231,10386550,605,R B R2 B2 R' B2 D' R' B2 R' B',pass
3424393,74156322122123,7906290,461,R B R' B R B2 R D' R2 B R2,pass
3424399,74156322122321,8101243,455,R B D R2 B' R2 D B D2 B D',pass
3424540,74156322313223,8115136,483,R B2 R B R2 B' D' B2 R B R',pass
3424670,74156323132331,7657629,434,R B R' D2 B' D B R D2 R2 D,pass
3424672,74156323133123,7904046,453,R B D2 R2 B D' R D B' R2 B',pass
3426328,74163251121122,8792781,524,R B2 D2 B D2 B D' B D2 B' R,pass
3426555,74163252112211,8148504,489,R B D2 R' B D' B2 R D R2 D2,pass
3426597,74163252131111,8781580,508,R B2 D2 R2 D' B' R B' R2 B D,pass
3426813,74163253121111,8715390,498,R B' R D R2 B' R' B D2 B' R',pass
3426848,74163253131332,7323952,411,R B R' B2 D2 R' D B D B2 R2,pass
3426860,74163253133132,7210059,421,R B D' R2 B2 D R' D' B D' B,pass
3426861,74163253133213,7812458,450,R B2 R2 D2 R B' D2 R B R2 D2,pass
3426863,74163253133231,7439504,428,R B2 R' B D' R2 B2 R' D' B2 D',pass
3427018,74163253332323,7988378,476,R B D2 B' D B R D' R D' R2,pass
3427788,74165231121212,13761235,805,R B D2 B D B' D B' R' B2 R2,pass
3427818,74165231131313,12940408,748,R B R' D R' B' R2 B' R' B2 R2,pass
3427849,74165231212121,13103539,746,R B R2 B D R' D B' R' B2 R2,pass
3427940,74165231313131,13517092,753,R B D2 R B' R2 B' D R' B R2,pass
3428004,74165232111212,13670593,760,R B D' B2 R' B R2 B R' B' D2,pass
3428028,74165232121112,13005027,743,R B R2 B R D' R B' R' B2 R2,pass
3428031,74165232121211,13167818,732,R B R' D2 B' R D2 R D' B' D2,pass
3428250,74165233111313,14228187,825,R B2 R2 B' R D' R D' R' D2 R',pass
3428298,74165233131113,13051889,747,R B R2 B2 R' D' B2 D' R' B D',pass
3428304,74165233131311,13849237,807,R B2 R2 B' R B' R D' R' B2 R',pass
3428305,74165233131323,13119252,758,R B R' B D' R' B2 R' D' B2 D2,pass
3428313,74165233132313,14121144,819,R B2 R2 B' R' D2 R' D' R D' R,pass
3428385,74165233231313,14134728,779,R B2 R2 B' R' B2 R' B' D B' R,pass
3430397,74213652323132,7569412,397,R B R' D B R' D B' D2 B2 R,pass
3439185,74251633111313,10348613,565,R B R' D R B' R2 B' R2 B R,pass
3441802,74256311321222,14399625,811,R2 B R2 D2 B' D' R D' R D2 R,pass
3442100,74256313111232,16742582,905,R2 D R2 B2 D' B' D B' R D2 R,pass
3446465,74265312333233,8702812,460,R B D2 B' D2 R D' R2 D B D',pass
3447926,74312652333332,8684970,481,R B R2 B2 D B' D B' D R B2,pass
3451736,74321563311131,9317765,505,R B D2 R' D2 R D2 B' D B D',pass
3452461,74321653233323,9487972,523,R D R B' D2 B R' D B' R2 D,pass
3453091,74325163131323,10108572,566,R B R D' B2 D B' R B D' B2,pass
3453628,74325612221222,8244489,445,R B R2 B2 R' D' R2 B D2 B' R2,pass
3453792,74325613121312,10508900,581,R B' R' B D2 B2 D R' B' R D2,pass
3453816,74325613131212,8255394,441,R B R2 B2 R' D' B2 R D2 R' B2,pass
3453839,74325613133333,8856589,478,R B D2 R' D R B R2 B2 D' B,pass
3460331,74361253112132,9971587,530,R D2 B R' B R B2 D' B R D2,pass
3460406,74361253211231,7283217,397,R B R B' D' B D' R' D R2 D,pass
3463510,74365211121221,7959149,424,R B2 R' B D' R2 B2 R B' D R2,pass
3463578,74365211213111,7504713,403,R B R2 B' D B R2 B2 D B' R2,pass
3463650,74365211312111,7405849,408,R B R B2 D2 B D B' D2 B' R2,pass
3463659,74365211313113,8196814,441,R B2 R' D B D' R2 B2 R B2 R,pass
3463713,74365211333111,8163973,439,R B2 R' B D B' R2 D2 R D2 R,pass
3463728,74365212111311,7558306,419,R B R2 B2 D B D' B R2 B R2,pass
3463846,74365212222323,7778353,415,R B R' D R' B2 R' D B D R2,pass
3463964,74365212333332,7396598,403,R B R2 B D2 B' D2 B D' R' B2,pass
3463968,74365213111211,7916869,442,R B D2 B2 R B R' B D2 B R2,pass
3464000,74365213121333,7717563,417,R B R2 B' D' B2 D' B R B2 D2,pass
3464411,74512361322233,10065316,538,R D R' B' D B2 D B R2 B2 D',pass
3464635,74512362313223,7523136,403,R B R B' D2 B' R' B D2 R' D2,pass
3466183,74513263121222,15316972,819,R2 B R D' B D' B R' D R2 B,pass
3469674,74521632222212,10093195,542,R B' D2 R B D2 B' D' B2 D' R',pass
3469827,74521633121213,11332121,626,R D2 R' B2 D R B2 R2 B' R' D2,pass
3469830,74521633121312,10426100,552,R D R2 B' D' R2 D B R2 B D',pass
3469877,74521633133333,11522540,610,R D2 R' D2 B R B2 R2 B' D' R2,pass
3470037,74521633333313,10302745,554,R D R2 B' D' B2 D B R2 B R',pass
3470796,74523611121113,7922649,436,R B R' D' R2 D' B2 D R' B' R,pass
3470823,74523611131112,8203566,445,R B D' B' D2 B' D2 B D' B' R,pass
3470868,74523611213111,8092561,434,R B D2 B2 D B' R D2 R2 D R',pass
3470940,74523611312111,7687843,406,R B R2 B2 R D' B D2 B2 D R',pass
3471018,74523612111311,7996785,442,R B R' D2 B' D B' R' D2 B R,pass
3471258,74523613111211,7664257,420,R B R D' B2 D B' R' B D' B2,pass
3474949,74532163123223,9161125,521,R B2 R' D R' D B2 D2 R2 B' R',pass
3477334,74561231111222,8073623,448,R B D2 B D' R D2 B' R D R',pass
3477573,74561232111113,8194432,434,R B2 R D' R D R2 B2 R B D2,pass
3477681,74561232221111,9084709,489,R B' R2 B' R D2 B2 R B' D2 R,pass
3477816,74561233111112,8856195,472,R B2 D' R' B2 D B D2 B2 D' R',pass
3477875,74561233131233,7958672,426,R B D' R2 B D B2 D R2 D2 B,pass
3477976,74561233233323,9372707,523,R D R B' D2 B R' D B' R2 D',pass
3477983,74561233311233,7975174,429,R B R' B2 R' D2 R B2 R D R2,pass
3478007,74561233321133,7862087,419,R B R2 B D2 B' D2 B' R D R2,pass
3478011,74561233321313,9583928,516,R D R' B2 R' B' R2 B D' R2 D2,pass
3481127,74563211232332,7870549,429,R B D2 R B2 D' B' D' B2 D' B',pass
3499033,74653213133222,9240169,507,R B D' R2 B D' R D B' R2 B',pass
3504218,75132463233233,9192906,500,R B R2 D2 B' R D' R' B2 D2 R,pass
3510033,75143263231313,11151039,613,R B2 R2 D2 B' D2 B' R' B R' B',pass
3511808,75146321323331,10138339,571,R B2 D2 B' R D' R2 B' R B' R2,pass
3517796,75213642223133,8786414,486,R B D2 B' R B' R D2 R' B2 R,pass
3521638,75231463211123,12753592,689,R D B2 D' R B' D B2 D' R2 D,pass
3522731,75234161322233,7881425,420,R B D R' B2 D B2 D' B R' D',pass
3522879,75234162221111,10419408,564,R D B2 D' B' D2 R B' R B R',pass
3524576,75236143213232,7345198,392,R B R' B R2 B' D R B R' B',pass
3526540,75241632222323,9023027,494,R B D2 B2 R B' R2 D B D2 R2,pass
3527233,75243162211322,15370524,841,R2 B2 R B2 R2 B R2 D' R2 D2 B,pass
3527654,75243611113232,8132959,443,R B2 R B' R2 D R B D2 R' B2,pass
3528221,75243613213232,7086705,388,R B D2 B' D' B2 R B' D R D',pass
3528600,75246131333312,9958669,539,R B' R' B D2 R' B R' D' B2 D',pass
3529089,75246311111111,18889868,1050,R2 D R' D B D2 R' D R B2 R',pass
3529671,75246313212311,8396477,519,R B D' R D2 B' D' B D' R2 D2,pass
3529749,75246313312211,8151913,477,R B2 R D R2 D' R' B2 D B R',pass
3529808,75246313332332,8155450,482,R B2 R2 D R' D B' R2 B R2 D2,pass
3530840,75261432123233,9302025,564,R B' R2 D B2 D' R' B2 D2 R B',pass
3533009,75264132121232,9668314,536,R B2 R' D R' B' R D B2 D B2,pass
3533111,75264132223331,7564649,438,R B R B D2 R' B R' B' R2 B2,pass
3533169,75264132321212,10165040,581,R B' R B' R2 B D2 R D' R2 D,pass
3533255,75264133121333,8174289,464,R B R D2 R B D' R B2 D B2,pass
3533439,75264133331213,8286616,471,R B R2 D2 B D' B R B' R2 B',pass
3533590,75264311223122,8823402,503,R B2 R2 B R2 B D2 R' D B2 D2,pass
3534084,75264313231112,10134491,575,R B2 D2 R' D' B R' B2 D2 R D,pass
3534914,75312463333133,10423102,597,R B R2 B' D2 B' D B R' B R2,pass
3536455,75314621133221,6612671,392,R B R B' R' D' B R D' R B2,pass
3536562,75314621313212,14416579,832,R' B D B' D2 B R' B R B2 D2,pass
3536884,75314623113122,7434269,432,R B2 R' D2 R' D B2 R B2 R D2,pass
3537248,75316241231231,10398977,601,R D R B' R B' R D2 R D R,pass
3538728,75321461311112,8090435,480,R B2 D' B R D R2 D R' D' B',pass
3539116,75321463132121,7320618,409,R B2 R' B D2 B D2 B2 R' D R',pass
3546173,75346122133133,9289577,522,R B R' D' R B R' D2 B2 D B2,pass
3546658,75346211133122,7754116,434,R B2 R B2 D2 R' D B' D2 R2 B2,pass
3546672,75346211211311,9848082,538,R D B' R D' B D2 B2 D R' D',pass
3546750,75346211311211,7314052,397,R B R2 B D' R' B R' B' D2 B,pass
3547043,75346212323333,9346143,537,R B' R2 B R B2 D2 R2 B R' D',pass
3547082,75346213112132,7000347,383,R B R' B2 R D R' B D' R D2,pass
3547135,75346213132121,7312168,390,R B D R' B2 D2 B R' B D2 B2,pass
3547141,75346213132322,7382414,397,R B R B2 R' D' B2 R D2 R' B2,pass
3547297,75346213332122,7831902,421,R B2 R2 B' D R' D2 B R' B' R2,pass
3552551,75412631223332,6756854,355,R B R D2 B R' D R2 D R' B2,pass
3555966,75416323232213,9051391,477,R B R2 B' D2 B D' B R B' D2,pass
3560997,75431263133213,10336768,566,R D2 R2 B2 D' R' D B' R2 B R',pass
3566559,75462132123212,13647196,726,R B' R D2 R2 B' D B' D' B R,pass
3571190,75613243131332,10452752,560,R D2 R' B R B R' D2 B R' B',pass
3571203,75613243133213,8501012,466,R B2 R' B R D R' D2 B D' R',pass
3581542,75634123323122,8137790,449,R B D2 B' D2 B R' B R B' R2,pass
3583665,75641323232111,7707641,419,R B2 R' D2 R' B R2 D B2 D R2,pass
3584112,75642132213311,7457949,401,R B R' B R' D' B2 R' D2 R' D2,pass
3587326,76123453233323,7971351,428,R B D R' B2 D R' B R' B R2,pass
3590318,76125343333133,10558227,562,R B2 R B2 D' B' R B' D R' B,pass
3597189,76143252131312,8781225,470,R B D2 B2 D R B D' R2 D' B,pass
3597241,76143252221222,8929821,473,R B2 R B' R B2 R' D2 B D' R',pass
3597429,76143253131212,9041283,485,R B2 R D' R B2 R' D2 B D' B',pass
3597596,76143253331333,8372029,455,R B R' D2 B R2 B' D R' D2 R',pass
3597612,76143253333313,11742981,614,R D' R2 B R D2 R' D' R2 D' B',pass
3598371,76145231121113,7442448,405,R B R2 B2 R' D B2 R' D' B2 R,pass
3598380,76145231122112,12892965,693,R2 B2 R' B D2 R' B' D' B2 R D,pass
3598398,76145231131112,8045553,448,R B D2 B2 D' B D2 R' B' D2 R,pass
3598452,76145231221112,12869645,686,R2 B2 R' D B2 R' B' D' R2 B D,pass
3598514,76145231311331,7248407,391,R B R' B D' R2 D' R B R D2,pass
3598640,76145232123332,7777998,418,R B R2 B R2 B' D2 B R' D' B2,pass
3598743,76145232233213,9617971,535,R B' R2 B D' B2 R D B D' R,pass
3598809,76145232331313,7480822,404,R B R2 B' R' D2 R' B D B2 R2,pass
3598815,76145232332213,9948172,548,R B' D2 B D' R2 B D R B' R,pass
3598905,76145233133213,7947619,424,R B D2 B' D' B2 D' R D B2 R2,pass
3598982,76145233232333,7552826,402,R B R2 B2 D R D' B D2 B D2,pass
3604167,76154323333112,9221984,489,R B2 D2 R' B' R D' B2 R2 D R,pass
3605492,76213543213133,9523727,548,R B2 D R2 D B R2 D' B R' D2,pass
3605561,76213543311332,8933635,475,R B D' B R' B R' D2 R B2 D',pass
3607232,76215341231231,8576363,450,R B R D' R B2 D' R2 D B R2,pass
3608543,76215433333133,10165138,540,R B R' D2 B D' B R B' R2 B',pass
3608595,76231451123111,8141463,438,R B2 D' B R' D' R D2 R D B',pass
3616598,76245311121131,7903242,426,R B D' B D2 B' R D R2 B2 D2,pass
3616624,76245311131121,7116014,385,R B R' B D' R B2 R2 B R' D',pass
3616674,76245311213312,7526518,410,R B D' R' D R2 D B' R B2 R',pass
3616877,76245312132131,7682622,425,R B2 R2 B' R2 B R D' B2 R D',pass
3617092,76245313122122,7480130,399,R B D B' R2 D R B' D B2 D,pass
3617101,76245313123121,7530091,414,R B2 R D2 R2 B R D R' D2 R',pass
3618803,76253141123132,6971942,375,R B D R' B2 R D' B R D2 B2,pass
3618845,76253141211332,6837318,372,R B R' B D B D' R2 B D B',pass
3620175,76253413322312,9387716,519,R B2 R D2 R2 D B2 R D2 R2 B,pass
3620869,76254133311323,15045411,838,R2 B D2 R2 B' R' D B' D R2 D,pass
3621510,76254313211111,13381472,759,R2 B D2 B2 R2 D' B' R B' R D2,pass
3622005,76312452212111,13909733,770,R2 B D' B' D R B' D R2 D' R,pass
3622239,76312453211111,8138326,470,R B R' B R2 B' D B' D' B R2,pass
3622326,76312453311311,8948118,526,R B2 R' B' R' D R2 D R2 D' R2,pass
3622836,76312542321212,8737092,494,R B D B' R2 D B' D2 R2 B R',pass
3622843,76312542322121,8187765,495,R B2 D B2 D R' D B2 D B R,pass
3623089,76312543322222,10849746,642,R D2 B' R D2 R2 D' R D2 B' R2,pass
3624597,76315241112113,8563878,467,R B' R D2 R' D R' B R2 D2 B2,pass
3624606,76315241113112,7336523,404,R B D2 B D' R B R2 D' B R',pass
3624714,76315241223113,7148266,410,R B R2 D R' B R2 B2 D' R B2,pass
3624787,76315241322122,7568348,405,R B D2 R' B2 R D B2 D' R2 D,pass
3624801,76315241323313,7975987,425,R B2 D B' R D R2 B' D B' R',pass
3624813,76315241332112,7301433,405,R B D B' D2 B R' B2 D B' R,pass
3625160,76315243211231,6940837,390,R B R2 B R2 D B D' R B' R',pass
3625288,76315243323323,8349424,479,R B2 D R' D B R2 D' B R' D',pass
3626326,76321452122123,11902826,644,R B D R' B2 D2 B D B R' B2,pass
3626332,76321452122321,12139455,659,R B2 R B D B2 R B' R2 B' D,pass
3626333,76321452122333,11901057,646,R B R2 B2 R' B D2 R D2 R2 D,pass
3626341,76321452123323,13804355,799,R B' D R B2 R B' D2 R2 B R',pass
3626384,76321452212231,11523000,638,R B R2 D2 B2 R B D' R D' B',pass
3626389,76321452213122,12106989,658,R B D B' D2 R2 D R B R' B2,pass
3626687,76321453233131,12654755,756,R B2 R2 B R2 D' B R2 B2 R' D',pass
3626699,76321453311233,14456785,816,R D R' B R' B R2 D2 B2 R B',pass
3626718,76321453313312,13585172,734,R B' R' D2 R B2 R' D R2 D R',pass
3626723,76321453321133,12063853,646,R B R' D' R B D2 B2 R2 B R',pass
3626745,76321453323311,13852536,739,R B' D' R2 D B2 D' B D2 B R',pass
3627099,76321542211112,11530104,616,R D B D' R B' D B2 D' B2 R',pass
3627342,76321543211111,7747092,483,R B R D' B2 R2 B D' B' R2 B2,pass
3627425,76321543311131,8558118,506,R B D B2 D' B R2 D' R2 D B2,pass
3627518,76324151112233,7947489,470,R B D B' D2 R B2 R' D R' D',pass
3627520,76324151112323,9612751,577,R B2 R B D' R2 B2 D R2 D' B',pass
3628198,76324153323122,7855796,425,R B2 R' B' D' R' D2 B R2 B' D2,pass
3629694,76325411111213,8224201,468,R B2 R2 B D' R D B' R B R,pass
3629697,76325411111312,10148929,606,R D2 R2 B' R' D B' D2 B D' B2,pass
3629702,76325411112131,7513476,408,R B R2 B' R D B D' B R' B2,pass
3629710,76325411113121,8241194,471,R B2 R2 B D B' D' B R' B' R,pass
3629728,76325411122121,8138048,459,R B2 R' B2 R B' D' B D2 R B2,pass
3629913,76325411331311,8766926,475,R B' D R' B2 D B R2 D' R D',pass
3629944,76325412112121,10219373,550,R D2 R' B2 R D' B' D B2 R B2,pass
3630072,76325412231212,8784835,501,R B2 D2 B D B2 D B R2 B' R,pass
3630173,76325412333233,8733595,516,R B2 D2 B R2 B D' R B2 R' B,pass
3630298,76325413222223,8084729,456,R B2 R2 D R B2 R D' B' D2 R,pass
3630423,76341251111213,8024807,508,R B D' R D R B' R2 B R' B2,pass
3630426,76341251111312,10004689,562,R D B' R D R D' B2 D R' B2,pass
3630431,76341251112131,8836539,483,R B2 D' B' R2 D B D2 B2 D' R',pass
3630439,76341251113121,8099492,448,R B2 R B' R D R2 B2 R D B2,pass
3630529,76341251221121,8487522,471,R B' R2 B' D B2 R2 D B' D2 R,pass
3630588,76341251311313,8135020,452,R B2 R B2 R2 D' R D R' B2 R,pass
3630813,76341252232313,7941875,442,R B D B' R B2 R' B2 D B' D,pass
3630878,76341252323333,8710018,474,R B2 R' D B' D R2 B' R' B D',pass
3631017,76341253221212,8960782,480,R B' R' B D' R' B D2 R' B2 R,pass
3631061,76341253233131,7212190,405,R B R2 B R2 B' D2 B' D B R2,pass
3632612,76342511111231,6792833,359,R B R B' D2 R B2 R' D R' D,pass
3632614,76342511111321,8739995,486,R B' D B2 D' B2 R B' D' R' D,pass
3632814,76342511323112,7180734,387,R B D2 R' B R' B D R B' R2,pass
3632998,76342512232223,8611416,466,R B2 D R D2 B2 R D' R D2 R',pass
3633192,76342513213112,10453902,613,R2 B R B2 D R' D B2 D B' D2,pass
3633291,76342513322111,10884058,588,R2 B R' B2 D' B D R' D B2 R2,pass
3633301,76342513323122,7599571,415,R B2 R' B' D' R D2 B' D2 B D2,pass
3633303,76342513323212,8192087,476,R B2 R' B' R' D R2 B' D2 B R2,pass
3633660,76345122211112,11192384,595,R D B D' R B' D B2 D' B2 R,pass
3633661,76345122211121,8970495,490,R B2 R2 B' R' D B2 R' D B D2,pass
3633684,76345122213311,7490023,438,R B R' B R' D' B2 R' D2 R' D',pass
3633741,76345122311111,9049325,528,R B2 D2 R2 D R D B' R D' R2,pass
3633903,76345123211111,7635295,454,R B R D' B2 R2 B D' B R2 B2,pass
3633984,76345123311113,8822488,493,R B2 R2 B' R D' R2 B R' B' D2,pass
3633986,76345123311131,8423000,504,R B D B2 D' B' R2 D B2 D' B2,pass
3633996,76345123312211,7179083,439,R B R B' R B' D' B2 R2 D' R,pass
3635539,76351421112323,10366163,586,R B' R2 B D' R B2 D' B2 D R2,pass
3635548,76351421113322,7708347,452,R B R2 B' R2 D2 B D' B' D2 B',pass
3636203,76351423321232,8145356,478,R B R2 B' D' B2 R B' R D R',pass
3637740,76354121121212,9531429,530,R B2 R' B R2 B D R' B' D B2,pass
3637747,76354121122121,7999901,485,R B R B2 D' R2 B D R2 D R',pass
3637878,76354121311313,8156403,487,R B R D2 B' R B D' B D' R',pass
3637892,76354121313131,8989233,527,R B D R B D' R' B D2 R' D,pass
3637956,76354122111212,10451371,646,R B' R D' R2 D R2 B D' R2 D,pass
3637963,76354122112121,8693493,525,R B D' R B R2 B R' D2 B D2,pass
3638047,76354122212222,8295593,472,R B R2 D2 B R' B R B' D2 B',pass
3638278,76354123211123,8887412,490,R B2 R D B2 D' R' B2 D B D',pass
3638279,76354123211132,7720673,458,R B R' D R2 B' D' B R' D2 R2,pass
3638384,76354123313333,9068001,538,R B2 R2 D B' D B' R2 B D2 R2,pass
3638788,76354212213323,8249738,447,R B D2 B D R2 B D2 B D2 B,pass
3638858,76354212312233,8483589,460,R B2 R D' R D R2 B' R B R,pass
3638869,76354212313322,9034732,488,R B' R B2 D' B' D B' R2 B D',pass
3638924,76354212333332,8305906,440,R B2 R' B R' D2 B2 R' B' R2 D',pass
3639046,76354213222223,8147214,433,R B2 R D2 R2 B D R D' R2 D',pass
3639100,76354213312223,7643562,418,R B R B' R2 D B D' R B2 R,pass
3643597,76421351131121,6599601,359,R B R B' D2 B' R' B' R D2 B',pass
3657255,76512343213313,13223581,714,R D2 B' R2 D R' B R' B D' B,pass
3657381,76512343332311,13191216,715,R D2 B' R2 D R' D R' B D' R,pass
3660325,76514321112323,8841303,481,R B D B2 D B' D' R D' R2 D2,pass
3660453,76514321232113,8149549,434,R B D' R' D R2 D B' R B2 R2,pass
3662405,76521433232333,7884737,419,R B R' B2 D' B R' D' R2 B D,pass
3663842,76523413223231,8297222,437,R B2 D R' D R D2 B' R B R2,pass
3665389,76524313331222,10257363,559,R B2 R D2 R2 D B2 R' D2 R2 B,pass
3670086,76541232131213,13553385,738,R D' B2 D' R B D R2 D2 R B,pass
3670141,76541232221222,8333932,445,R B R2 B2 R' D' R2 B D2 B' D2,pass
3670302,76541233121213,8594357,458,R B R2 D' R D B R2 B2 D' B,pass
3670496,76541233331333,9254241,494,R B D2 B2 D' B' R2 D B2 D' B2,pass
3670512,76541233333313,10462622,585,R B' D' R D2 R2 D R' B' D R2,pass
3673431,76543211111111,17775511,958,R2 D' R B R B2 R D' B' R B',pass
3673521,76543211212112,9125197,491,R B' D B2 R B2 R' B D' B2 D2,pass
3673561,76543211223221,7403924,399,R B2 R' D R' B2 D2 B' D' B2 D',pass
3673664,76543211332331,7393336,408,R B2 R' B D2 R' D' B' D R' D',pass
3673673,76543211333333,8176335,450,R B2 D' R B D' B D' B2 D' B,pass
3673744,76543212132323,8151932,434,R B D' R D' B2 R2 D R B D',pass
3673795,76543212222221,7823929,439,R B2 R2 D2 R D' R2 B R B2 D2,pass
3673884,76543212323213,8041030,456,R B D2 R' B R' D2 B D B2 D2,pass
3673937,76543213113131,8093355,452,R B2 R2 D B R2 B D' B' R2 D,pass
